codeuai;longitude;latitude;lycee;ville;ppi;annee_d_individualisation;titreoperation;enveloppe_prev_en_meur;montant_des_ap_votes_en_meur;mandataire;maitrise_d_oeuvre;notification_du_marche;entreprise;mode_de_devolution;nombre_de_lots;cao_attribution;etat_d_avancement;annee_de_livraison;pointgeo
0750671X;2.33986894800006;48.881257693000066;Edgar-Quinet;Paris 09ème;2001/2006;1999;Restructuration du service de restauration;2.44;2.65;SEMEA XV;De Certeau/ GEC SA;2001-02-02;GAJ/IDFC;Lots séparés;2;2004-05-24;Opération livrée;2006;48.881257693,2.339868948
0750680G;2.394312742000068;48.84792995200007;Arago;Paris 12ème;2001/2006;2000;Réhabilitation partielle et mise aux normes;0.55;0.83;SEMAEST;Iratome;2002-11-28;Ineo/Electricité de Paris;Ent générale;;2003-12-22;Opération livrée;2005;48.847929952,2.394312742
0750683K;2.362335641000072;48.82743543400005;Claude-Monet;Paris 13ème;2001/2006;1995;Rénovation extension;9.936;9.93;;Opération cofinancée - maîtrise d'ouvrage par le département de Paris;;;;;;Opération livrée;2001;48.827435434,2.362335641
0750699C;2.279442298000049;48.86555024300003;Janson-de-Sailly;Paris 16ème;2001/2006;2004;Restructuration et mise en conformité du pôle sciences et de l'internat;14.48;14.91;;Opération cofinancée - maîtrise d'ouvrage par le département de Paris;;;;;;Opération livrée;2008;48.865550243,2.279442298
0771357G;3.124168119000046;48.78954677200005;Bretonnière (la);Chailly en Brie;2001/2006;1998;Rénovation - extension;3.99;7.01;DDAF 77 puis Essonne Aménagement;Bardon / Gaudriot / Cadence;2001-01-18;Carillon / Canard / Seed / Thevenet..;Lots séparés;10;2003-03-19;Opération livrée;2006;48.789546772,3.124168119
0770931U;2.865822476000062;48.95716431400007;Pierre-de-Coubertin;Meaux;2001/2006;2000;Aménagement d'un parking;0.82;0.82;Ville de Meaux;Services techniques - Ville de Meaux;;Jean Lefevre / Forclum / CSC SARL Clotures;Lots séparés;4;2001-06-25;Opération livrée;2001;48.957164314,2.865822476
0771996B;2.65060829600003;48.97243108600003;Honoré-de-Balzac;Mitry-Mory;2001/2006;2003;Restructuration - extension;31.69;32.92;SAERP;Fabienne Gerin-Jean / Beterem;2006-08-31;Hervé SA / Chapelec / Villemonteil / Kone / Reithler SA;Lots séparés;6;2009-05-06;Opération livrée;2013;48.972431086,2.650608296
0771336J;3.303574426000068;48.54810188600004;Pannevelles (les);Provins;2001/2006;2000;Restructuration - extension;53.96;82.06;Essonne aménagement;Soria architecte / Setec Bâtiment / Zorzetto;2004-11-03;Sacer / Dumez / Otis / IDFC;Lots séparés;4;2007-04-27;Opération livrée;2011;48.548101886,3.303574426
0780486E;2.085196557000074;48.99131539800004;Batellerie (la);Conflans Ste Honorine;2001/2006;2001;Rénovation d'ensemble;23.48;32.65;Icade Promotion;Valero-Gadan / Ingerop;2006-01-05;GCC;Ent générale;;2008-01-02;Opération livrée;2013;48.991315398,2.085196557
0783213U;1.647944425000048;48.67775577700007;Hériot;La Boissière Ecole;2001/2006;1999;Réfection partielle et grosses réparations;1.36;1.795;CITALLIOS (ex-SARRY 78);Rombaut / Betior;2003-07-07;TBE / UTB / Nodal;Lots séparés;3;2005-04-02;Opération livrée;2006;48.677755777,1.647944425
0781948U;1.775086602000044;48.97363300600006;Lavoisier;Porcheville;2001/2006;2007;Construction d'un internat de 100 places;6.89;7.68;CITALLIOS (ex-SEM 92);Emmanuel Saadi;2009-09-10;SEE Simeoni/KONE NEB IDF;Lots séparés;2;2014-02-13;Opération livrée;2016;48.973633006,1.775086602
0780584L;1.995816400000024;48.78030823000006;Henri-Matisse;Trappes;2001/2006;2008;Restructuration partielle - extension;8.8;10.668;SEMAEST;Isabelle Biro;2011-09-22;Eiffage / SISAP / SESAR;Lots séparés;6;2015-11-20;Opération livrée;2017;48.78030823,1.9958164
0782563M;2.137439326000049;48.801064387000054;La-Bruyère;Versailles;2001/2006;2008;Restructuration du service de restauration;5.4;6.0;SAERP;Boris Schneider (SAM Architecture);;SNRB/Metalobil/Ragueneau/Illico SAS;Lots séparés;4;2014-04-04;Opération livrée;2015;48.801064387,2.137439326
0911632E;2.244385915000066;48.580719378000026;René-Cassin;Arpajon;2001/2006;2003;Rénovation d'ensemble - extension;33.86;35.75;Essonne aménagement;Malisan / Epicuria / RGC;2006-08-31;Eiffage / Léon Grosse;Lots séparés;5;2009-04-27;Opération livrée;2013;48.580719378,2.244385915
0910630R;2.33393135700004;48.482819051000035;Alexandre-Denis;Cerny;2001/2006;2007;Reconstruction et extension de l'internat (100 places);14.59;18.09;Essonne aménagement;Celkiner & Grabli;2010-11-03;VERDOIA-DUCLOUX /GALLIER/BTB élec;;;;Opération livrée;2016;48.482819051,2.333931357
0911985N;1.992162;48.534016;Nikola Tesla (ex-Kastler);Dourdan;2001/2006;1999;Création de locaux scolaires;1.19;1.64;Essonne aménagement;Goudenege / CET ingénierie;2001-06-21;Paris ouest construction;Ent générale;;2004-05-17;Opération livrée;2006;48.534016,1.992162
0910632T;2.295914719000052;48.73625594600003;Gustave-Eiffel;Massy;2001/2006;2000;Restructuration d'ensemble - extension;21.04;26.25;Essonne aménagement;Valero / Gadan;2004-08-13;Eiffage / Léon Grosse;Ent générale;;2006-06-29;Opération livrée;2008;48.736255946,2.295914719
0910627M;2.35442637500006;48.674342489000026;Jean-Baptiste-Corot;Savigny-sur-Orge;2001/2006;1999;Rénovation - restructuration - résorption des BD;53.35;63.43;SAERP;Dusapin / Leclerc /;2002-11-01;Quillery / Delphi / Geometra / Jardem;Lots séparés;5;2005-05-23;Opération livrée;2010;48.674342489,2.354426375
0920132U;2.259668066000074;48.91063012500007;Albert-Camus;Bois Colombes;2012/2022;2014;Construction d'un internat de 100 places;6.56;1.15;SAERP;Fabienne GERIN-JEAN Architecte;;;;;;Etude de maîtrise d'œuvre;;48.910630125,2.259668066
0920132U;2.259668066000074;48.91063012500007;Albert-Camus;Bois Colombes;2012/2022;2014;Création places nouvelles : extension de capacité de 400 places;22.86;4.02;SAERP;Fabienne GERIN-JEAN Architecte;;;;;;Etude de maîtrise d'œuvre;;48.910630125,2.259668066
0920134W;2.238915723000048;48.83330794800003;Jacques-Prévert;Boulogne;2001/2006;2000;Rénovation;12.19;21.65;DDE 92;Carril / LGX ingérierie;2004-07-29;Colas;Ent générale;;2006-11-09;Opération livrée;2010;48.833307948,2.238915723
0922427N;2.246380248000037;48.91423176500007;Claude-Garamont;Colombes;2001/2006;1998;Rénovation;6.4;10.44;DDE 92;Gignoux / Mizrahi;2000-03-03;Quillery;Ent générale;;2006-06-29;Opération livrée;2010;48.914231765,2.246380248
0920141D;2.206492336000054;48.890470237000045;Frédéric-Joliot-Curie;Nanterre;2001/2006;2000;Restructuration des salles de sciences;;0.8;;Opération cofinancée - maîtrise d'ouvrage par le département de CG 92;;;;;;Opération livrée;;48.890470237,2.206492336
0920142E;2.274384238000039;48.88595456300004;Pasteur;Neuilly sur Seine;2001/2006;2003;Réfection du pôle scientifique;0.46;0.46;;Opération cofinancée - maîtrise d'ouvrage par le département de CG 92;;;;;;Opération livrée;;48.885954563,2.274384238
0920799U;2.179447476000064;48.86718092400008;Richelieu;Rueil-Malmaison;2001/2006;2001;Restructuration d'ensemble;43.0;58.31;Icade Promotion;André Chantalat / Gérard Liucci / Berim;2005-05-13;Sisap / Rougeon / Alma…;Lots séparés;8;2008-04-07;Opération livrée;2015;48.867180924,2.179447476
0930129K;2.473762803000057;48.904243793000035;Madeleine Vionnet;Bondy;2001/2006;1999;Rénovation - restructuration;10.67;17.8;Icade Promotion;Akahori / Challes / Duperier / Mizrahi;2002-07-11;Quillery;Ent générale;;2005-12-19;Opération livrée;2008;48.904243793,2.473762803
0932026X;2.548319106000065;48.90256519700006;Alfred-Nobel;Clichy;2012/2022;2013;Construction d'un internat de 100 places;9.0;8.98;H4 puis SODEREC dès 2015;Alain GIGNOUX ARCHITECTE/MIZRAHI/ELEMENTS INGENIERIE;;;;;;Etude de maîtrise d'œuvre;;48.902565197,2.548319106
0930136T;2.492673619000072;48.91339928800005;Claude-Nicolas-Ledoux;Les Pavillons ss Bois;2001/2006;2002;Restructuration d'ensemble;22.22;28.72;Essonne aménagement;Alain Gignoux;;GTM / Thevenet / UTB..;Lots séparés;5;2009-04-09;Opération livrée;2012;48.913399288,2.492673619
0931565W;2.574112903000071;48.843725422000034;Flora-Tristan;Noisy le Grand;2001/2006;2006;Reconstruction du service de restauration;7.11;9.455;SAERP;Martine Crettez / Lavalin / ADF;2008-10-10;Brique et Béton / Deschamps / Alu Rennais / Sisap / UTB/ 3LM bâtiment / UTB / SDEL ITT;Lots séparés;7;2005-05-22;Opération livrée;2016;48.843725422,2.574112903
0930135S;2.40965527100002;48.89292571300007;Simone-Weil;Pantin;2001/2006;2000;Restructuration d'ensemble;16.46;22.58;Icade Promotion;Pascal Servin / Dal / AR & C / CFERM;2004-05-27;Quillery / Soletanche / HMI;Lots séparés;3;2007-06-04;Opération livrée;2010;48.892925713,2.409655271
0932121A;2.367114340000057;48.92918606000006;Suger;Saint Denis;2001/2006;2005;Extension - 2ème tranche (385 places);17.0;19.85;SAERP;Ripaut & Dupart / MTC / Orion;;Francilia / Paternoster / Guiban;Lots séparés;3;2009-05-25;Opération livrée;2011;48.92918606,2.36711434
0931584S;2.547681098000055;48.95919191400003;Jean-Rostand;Villepinte;2001/2006;2001;Restructuration - extension (300 places);24.74;33.16;Sequano aménagement;Gerin / Dufay / ingénierie Studio;2006-01-31;Reithler / axe étanchéité / Gallo…;Lots séparés;8;2008-10-31;Opération livrée;2012;48.959191914,2.547681098
0940132H;2.544375648000028;48.80637870700008;Gabriel-Péri;Champigny sur Marne;2001/2006;1999;Création par extension d'un pôle lieux de vie;0.99;1.33;DDE 94;Quintard / Hofstein / Sincoba;2001-11-05;DBS;Ent générale;;2003-12-22;Opération livrée;2005;48.806378707,2.544375648
0940112L;2.494961243000034;48.81628823900007;Louise-Michel / Langevin-Wallon;Champigny sur Marne;2012/2022;2015;Restructuration globale;50.06;8.81;SAERP;Nicolas MOREAU (Equipe MOREAU KUSUNOKI);;;;;;Etude de maîtrise d'œuvre;;48.816288239,2.494961243
0940743X;2.438748952000026;48.727463570000054;Georges Brassens;Villeneuve le Roi;2012/2022;2015;Reconstruction du lycée à orly;53.0;9.328;SAERP;;;;;;;Etudes et diagnostics;;48.72746357,2.438748952
0952173W;2.215409071000067;48.921607864000066;Eugène-Ronceray;Bezons;2012/2022;2014;Création d'un internat de 100 places;8.18;1.401;SAERP;Guillaume COLBOC (Ateliers O-S Architectes);;;;;;Etude de maîtrise d'œuvre;;48.921607864,2.215409071
0951922Y;2.336190882000039;48.97200861300007;Camille-Saint-Saëns;Deuil la Barre;2001/2006;1998;Extension;5.49;6.56;DDE 95;Atelier 2A Cambournac;1998-05-19;SNRB/Cettra/Nicolino/Electro montage;Lots séparés;11;2000-10-30;Opération livrée;2002;48.972008613,2.336190882
0950644J;2.294776;48.972559;Gustave-Monod;Enghien;2001/2006;1996;Travaux de sécurité, vidéosurveillance…;1.7;1.7;DDE 95;Atrium architecte / Studio 4 / Trouvin;2004-12-22;Axence / Cochery / Ineo Suez;Lots séparés;3;2007-05-10;Opération livrée;2009;48.972559,2.294776
0750783U;2.370114476000026;48.84731934800004;Chennevières-Malezieux;Paris 12ème;2001/2006;2007;Achèvement de la rénovation;24.7;28.52;Essonne aménagement;Emmanuelle Colboc;2010-03-26;DEMATHIEU ET BARD;Ent générale;;2013-11-10;Opération livrée;2017;48.847319348,2.370114476
0752799K;2.316469282000071;48.83569735900005;Croce-Spinelli;Paris 14ème;2001/2006;1998;Réfection complète des extérieurs;0.91;1.07;SAGI;Bocabeille / Prego / MTC;2003-08-13;Bâti rénov;Ent générale;;2006-05-22;Opération livrée;2007;48.835697359,2.316469282
0752799K;2.316469282000071;48.83569735900005;Croce-Spinelli;Paris 14ème;2001/2006;1999;Restructuration du service de restauration;0.91;1.39;SAGI;Bocabeille / Prego / MTC;2001-12-01;Nodal;Ent générale;;2003-09-29;Opération livrée;2004;48.835697359,2.316469282
0750793E;2.286858610000024;48.84827664000005;Beaugrenelle;Paris 15ème;2001/2006;2001;Restructuration du service de restauration;2.0;1.98;SEMEA XV;Jean-François Schmit / Ingenierie Studio;2004-01-08;Nodal et IAFL;Lots séparés;2;2006-04-21;Opération livrée;2006;48.84827664,2.28685861
0750700D;2.267364382000039;48.84724239800005;Jean-Baptiste-Say;Paris 16ème;2001/2006;2001;Rénovation de l'amphithéâtre;0.08;0.31;;Opération cofinancée - maîtrise d'ouvrage par le département de Paris;;;;;;Opération livrée;;48.847242398,2.267364382
0750704H;2.307832346000055;48.88448613500003;Carnot;Paris 17ème;2001/2006;2003;Restructuration partielle et extension des locaux sud-ouest;6.65;7.84;;Opération cofinancée - maîtrise d'ouvrage par le département de Paris;;;;;;Opération livrée;2011;48.884486135,2.307832346
0750705J;2.315270215000055;48.895238996000046;Honoré-de-Balzac;Paris 17ème;2012/2022;2013;Construction d'un internat de 160 places;13.7;2.41;Essonne aménagement;Jean-Patrice CALORI/BATISERF/ALTO/VPEAS;;;;;;Etude de maîtrise d'œuvre;;48.895238996,2.315270215
0750802P;2.372551129000044;48.89234944100008;Hector-Guimard;Paris 19ème;2001/2006;1999;Rénovation - restructuration d'ensemble et création de 20 places d'internat;31.7;36.576;SEMAVIP;Marc Farcy / Ingena;2004-01-03;Quillery;Ent générale;;2007-01-19;Opération livrée;2011;48.892349441,2.372551129
0750905B;2.448063;48.864533;Jean-Jaurès pour accueillir lycée du bâtiment;Paris 19ème;2001/2006;2009;Restructuration partielle;13.1;13.11;SEMAEST;Fabienne Bulle;2013-08-29;COLAS bâtiment lot principal;;;;En Chantier;;48.864533,2.448063
0770918E;2.736431449000065;48.40973630500008;Uruguay-France;Avon;2012/2022;2013;Rénovation globale (bât C, D, E, F);20.5;3.6;SAERP;françois LECLERCQ;2015-01-08;;;;;Etude de maîtrise d'œuvre;;48.409736305,2.736431449
0770922J;2.612726781000049;48.88331908100008;Gaston-Bachelard;Chelles;2012/2022;2014;Construction d'un internat de 150 places;11.31;11.54;SAERP;Pascale GUEDOT, architecte / BATISERF Ingénierie / Louis CHOULET/ Bureau Michel Forgue / Eléments Ingénierie;;;;;;Sélection entreprise;;48.883319081,2.612726781
0771997C;2.563807541000074;48.65488755200005;Jacques-Prévert;Combs la Ville;2001/2006;2003;Restructuration d'ensemble - extension;37.02;38.93;Icade Promotion;Hesters-Oyon / Scoping / Etamine;;Dumez / Bonnardel / UTB / Delagrave;Lots séparés;9;2009-06-02;Opération livrée;2012;48.654887552,2.563807541
0772751X;2.679614480000055;49.064752214000066;Charlotte Delbo;Dammartin-en-Goele;2001/2006;2006;Construction (800 places);35.91;36.33;SAERP;Dottelonde / Alto Ingénierie / Khephren Ing;;Sicra / Charpente / Jean Lefevre / SNEE;Lots séparés;;;Opération livrée;2013;49.064752214,2.67961448
0770945J;2.927164537000067;48.37300888600004;Gustave-Eiffel;Varennes-sur-Seine;2001/2006;1998;Rénovation - extension;13.41;15.41;DDE 77;Chesnot - Lepic / SETEC / BECOD;2000-09-13;Hanny;Ent générale;;2004-08-03;Opération livrée;2007;48.373008886,2.927164537
0782567S;2.14177350600005;48.79863567400008;Marie-Curie;Versailles;2001/2006;1999;Rénovation et extension ponctuelle des bâtiments;19.82;30.18;AFTRP;Richard / Schnoeller / Batiserf / Bethac;2001-11-29;Bouygues;Ent générale;;2004-06-09;Opération livrée;2009;48.798635674,2.141773506
0910630R;2.33393135700004;48.482819051000035;Alexandre-Denis;Cerny;2001/2006;2010;Construction d'une extension de 400 places et restructuration des ateliers;41.84;41.85;Essonne aménagement;François MALISAN;2014-10-12;;;;;En Chantier;;48.482819051,2.333931357
0911828T;2.420298327000069;48.62639908500006;Georges-Brassens;Courcouronnes;2001/2006;2008;Restructuration partielle - extension;4.2;4.2;Essonne aménagement;Raphaël Gabrion - architecte;2012-05-07;Altelec / Egeri / Siteme / FARC;;;2015-01-07;Opération livrée;2016;48.626399085,2.420298327
0910687C;2.266514062000056;48.733475887000054;Fustel-de-Coulanges;Massy;2001/2006;2000;Restructuration d'ensemble - extension;31.19;40.28;Essonne aménagement;X'TU / OTH bâtiment;2005-03-06;;Lots séparés;6;2008-10-31;Opération livrée;2012;48.733475887,2.266514062
0911353B;2.447227840000039;48.70555197600004;Jean-Isoard;Montgeron;2001/2006;2000;Rénovation - extension;13.88;16.08;;Lucien Guerra;;Chagnaud / Cise;METP;;2000-02-14;Opération livrée;2002;48.705551976,2.44722784
0920142E;2.274384238000039;48.88595456300004;Pasteur;Neuilly sur Seine;2001/2006;1998;Réfection des façades;7.726;5.37;;Opération cofinancée - maîtrise d'ouvrage par le département de CG 92;;;;;;Opération livrée;;48.885954563,2.274384238
0922276Z;2.20030459000003;48.840653108000026;Santos-Dumont;Saint-Cloud;2001/2006;2007;Restructuration des cuisines pédagogiques;1.5;1.5;Icade Promotion;;;;;;;Etude de maîtrise d'œuvre;;48.840653108,2.20030459
0922276Z;2.20030459000003;48.840653108000026;Santos-Dumont;Saint-Cloud;2012/2022;2014;Opération ciblée : construction d'espaces sportifs couverts - SUSPENDU;8.0;0.16;SAERP;;;;;;;Suspendue;;48.840653108,2.20030459
0920146J;2.288115866000055;48.777587381000046;Marie-Curie;Sceaux;2001/2006;2010;Restructuration ciblée du pôle sciences;4.21;8.01;Icade Promotion;Vincent SPELLER (FABRE-SPELLER);2014-07-04;CBC/Loison / Sas Meri / Cougnaud / Posseme / Giffard / Lefevre /;;;2017-03-02;En Chantier;;48.777587381,2.288115866
0921505L;2.288010581000037;48.820214891000035;Dardenne;Vanves;2001/2006;1997;Réfection des toitures terrasses, des façades, menuiseries extérieures et de la cour;2.55;2.56;DDE 92;Thierry Bresdin / Itec;2004-12-02;Setrec / J2M / Etandex / René Clerc;Lots séparés;5;2007-01-06;Opération livrée;2009;48.820214891,2.288010581
0920149M;2.28696659700006;48.825146293000046;Michelet;Vanves;2001/2006;1997;Rénovation - réhabilitation;6.56;6.75;;Opération cofinancée - maîtrise d'ouvrage par le département de CG 92;;;;;;Opération livrée;;48.825146293,2.286966597
0932026X;2.548319106000065;48.90256519700006;Alfred-Nobel;Clichy;2012/2022;2013;Opération ciblée : résorption des bâtiments démontables et modulaires;14.3;14.28;H4 puis SODEREC dès 2015;Alain GIGNOUX ARCHITECTE/MIZRAHI/ELEMENTS INGENIERIE;;;;;;Etude de maîtrise d'œuvre;;48.902565197,2.548319106
0931233K;2.542119433000039;48.887652770000045;Jean-Baptiste-Clément;Gagny;2001/2006;2009;Opération ciblée : lieux de vie;5.0;5.92;SAERP;Martine Weissmann;2011-05-13;LAINE / STEPC / BENTIN / MECAFOSSE;;;2015-04-17;Opération livrée;2017;48.88765277,2.542119433
0931430Z;2.400326473000064;48.92962484600008;Jacques-Brel;La Courneuve;2001/2006;2009;Restructuration du service de restauration;3.6;3.63;Essonne aménagement;Daudre-Vignier / Betior / Pagny / Belnard;2013-10-04;CBC / UTB / SEDD / FROID 77 / EPHEMERIS;;;;Opération livrée;2016;48.929624846,2.400326473
0930830X;2.511201233000065;48.898681070000066;Albert-Schweitzer;Le Raincy;2001/2006;2007;Restructuration partielle;19.18;21.85;SAERP;Pierre-Louis Faloci / Icrec ingénierie;2010-03-31;PRADEAU / CFA / DUBOIS / COLAS;;;2015-12-01;En Chantier;;48.89868107,2.511201233
0930133P;2.468358030000047;48.88714293900006;Théodore-Monod;Noisy le Sec;2001/2006;1998;Rénovation;13.71;23.08;Icade Promotion;David Ventre / BET AR & C;2000-10-30;Bouygues;Ent générale;;2005-11-14;Opération livrée;2008;48.887142939,2.46835803
0940132H;2.544375648000028;48.80637870700008;Gabriel-Péri;Champigny sur Marne;2001/2006;2009;Restructuration d'ensemble - extension;24.7;29.63;SAERP;Julien FORTIER -DURAND Agence VEA (ex Agence Ignace Grifo);2011-11-28;;;;;En Chantier;;48.806378707,2.544375648
0940134K;2.345538985000076;48.81352660600004;Val-de-Bièvre;Gentilly;2001/2006;2008;Restructuration globale - extension (200 places);28.0;27.69;Essonne aménagement;Louis Soria / Lavalin / Drauart;2012-03-30;Genier-Déforge/Eiffage/AATHEX/Ege Morel/Servicom Europe/Le Froid Bornet/Pro Fil;Lots séparés;8;2015-03-07;En Chantier;;48.813526606,2.345538985
0950658Z;2.131604284000048;49.05575508800007;Château d'Epluches;Saint Ouen l'Aumône;2001/2006;2010;Restructuration du service de restauration;3.48;3.48;SAERP;Louis Tequi architecture/Noble Inginierie/Technis/Optimum/Novorest;2012-07-16;Adthermique / STEPC / AKFN;;;2015-01-10;Opération livrée;2017;49.055755088,2.131604284
0750654D;2.347383254000022;48.84635840900006;Henri-IV;Paris 05ème;2001/2006;2010;Réalisation de 18 places d'internat;2.21;2.87;SAERP;Charlotte HUBERT (H2o Architectes) / UNANIME / Louis CHOULET Ingénierie / Cabinet Philippe VOTRUBA;2012-08-28;Renofors / BTNR / CMTB / Normen;;;2015-04-08;Opération livrée;2016;48.846358409,2.347383254
0750668U;2.343411409000055;48.88148312000004;Jacques-Decour;Paris 09ème;2001/2006;1998;Réhabilitation;9.348;9.36;;Opération cofinancée - maîtrise d'ouvrage par le département de Paris;;;;;;Opération livrée;;48.88148312,2.343411409
0750784V;2.391504327000064;48.84675373500005;Métiers-de-l'ameublement;Paris 12ème;2001/2006;1998;Ravalement des façades, mise en conformité des ateliers et création foyer des élèves;0.43;1.0;SEMAEST;Laumonnier Menninger / SLI;2002-10-28;Coulon SA;Ent générale;;2005-10-02;Opération livrée;2006;48.846753735,2.391504327
0750679F;2.409176177000063;48.83983362300006;Paul-Valéry;Paris 12ème;2001/2006;1998;Rénovation et mise aux normes de la demi-pension;0.874;0.87;;Opération cofinancée - maîtrise d'ouvrage par le département de Paris;;;;;;Opération livrée;;48.839833623,2.409176177
0750650Z;2.393445601000053;48.88824378500004;Alembert (d');Paris 19ème;2001/2006;1999;Restructuration du secteur prothèse;1.95;2.08;SEMAVIP;Jean-Michel Caillaud / BET BECET;2005-03-02;SAS Briand;Lots séparés;2;2007-11-05;Opération livrée;2008;48.888243785,2.393445601
0770927P;2.695130152000047;48.409493385000076;François-1er;Fontainebleau;2001/2006;1998;Rénovation - extension;21.64;26.89;Icade Promotion;SBM architecture / BET BPA ingénierie / Delporte;2000-12-19;Gagneraud;Ent générale;;2003-09-07;Opération livrée;2008;48.409493385,2.695130152
0770931U;2.865822476000062;48.95716431400007;Pierre-de-Coubertin;Meaux;2001/2006;2000;Extension de l'annexe des Fauvettes;3.35;5.02;Essonne aménagement;Vincent Franquet / Betom Ingenierie;2002-12-23;Canard;Ent générale;;2006-04-14;Opération livrée;2010;48.957164314,2.865822476
0771763Y;2.648511217000021;48.79894257900003;Charles-le-Chauve;Roissy-en-Brie;2001/2006;1999;Restructuration de la demi-pension et création de lieux de vie;3.81;6.02;DDE 77;Canale 3 / Projetud;2001-08-27;Hanny / Froid 77;Lots séparés;2;2004-05-24;Opération livrée;2005;48.798942579,2.648511217
0782565P;2.121153940000056;48.79453556100003;Jules-Ferry;Versailles;2017/2027;2017;Reconstruction et extension de 300 places (soit 2300 places);;;marché de partenariat;;;;;;;Etudes et diagnostics;;48.794535561,2.12115394
0910620E;2.458110364000049;48.61264075100007;Robert-Doisneau;Corbeil Essonne;2001/2006;2007;Restructuration partielle - extension;26.17;40.252;Essonne aménagement;Defrain-Souquet (DESO)/Olivier FRAISSE (TERRENEUVE);2010-06-21;Eiffage / Brunet / Ragueneau / Sésar;;;2014-01-07;En Chantier;;48.612640751,2.458110364
0911828T;2.420298327000069;48.62639908500006;Georges-Brassens;Courcouronnes;2017/2027;2017;Extension de 400 places;20.0;3.52;;;;;;;;Etudes et diagnostics;;48.626399085,2.420298327
0911927A;2.523899350000022;48.69934172600006;Maurice-Eliot;Epinay ss Sénart;2001/2006;2000;Aménagement de lieux de vie, de locaux d'enseignement & mise en sécurité du lycée;0.88;8.39;Essonne aménagement;Soisick Cleret / Sibat;2005-01-19;GTM;Ent générale;;2006-06-29;Opération livrée;2008;48.699341726,2.52389935
0911492C;2.165037667000036;48.67608278400007;Essouriau (l');Les Ulis;2001/2006;2005;Résorption des BD et implantation de bâtiments modulaires;3.0;3.4;Essonne aménagement;Rodrigues / Da Costa /Parila;2006-10-10;Dubocq / Sam / Gallier…;Lots séparés;6;2009-04-09;Opération livrée;2011;48.676082784,2.165037667
0911577V;2.298835504000067;48.68652609800006;Jacques-Prévert;Longjumeau;2001/2006;2007;Restructuration partielle - extension;18.4;24.97;Icade Promotion;Gaëtan Le Penhuel;2010-06-06;Altys / Froid 77 / CMS/Verdoia/SRC/Charpentier;Lots séparés;4;2015-05-22;En Chantier;;48.686526098,2.298835504
0911578W;2.411856325000031;48.63755853100008;Pierre-Mendès-France;Ris-Orangis;2012/2022;2016;Rénovation globale et extension de 600 places;40.0;7.04;SAERP;Jacques SEBBAG (Archi5prod);;;;;;Etude de maîtrise d'œuvre;;48.637558531,2.411856325
0920150N;2.284077486000058;48.90480073900005;Prony (de);Asnières;2001/2006;2001;Restructuration - extension;25.09;37.866;SAERP;Patricia Leboucq / Beterem;2005-08-31;Fayolle / Belliard / UTB / Satelec / Otis;Lots séparés;5;2009-06-22;Opération livrée;2017;48.904800739,2.284077486
0922615T;2.24913078000003;48.89145477500006;Lucie-Aubrac;Courbevoie;2012/2022;2013;Construction & extension de capacité de 700 places (1500 places au total);53.6;53.61;SAERP;Jean-Michel BURON (EPICURIA architectes);2015-03-17;EIFFAGE;;;;En Chantier;;48.891454775,2.24913078
0922397F;2.25346546000003;48.81932696400003;Eugène-Ionesco;Issy les Moulineaux;2001/2006;2001;Reconstruction - 2ème tranche;10.8;10.92;SAERP;Gaëtan Le Penhuel / Tech ingénierie / Guihenel;2004-08-04;Colas;Ent générale;;2005-06-16;Opération livrée;2007;48.819326964,2.25346546
0920147K;2.222669827000061;48.87743156400006;Paul-Langevin;Suresnes;2001/2006;2007;Restructuration partielle - mise en sécurité;7.78;8.98;SAERP;Laurence Mayeur architecte;;Quelin/charpentiers de paris/SPAL / Audax / Arthur Clément;Lots séparés;5;2015-04-09;Opération livrée;2017;48.877431564,2.222669827
0920149M;2.28696659700006;48.825146293000046;Michelet;Vanves;2012/2022;2015;Rénovation des espaces sportifs extérieurs;7.55;1.32;SAERP;Yves PAGES (EXPLORATIONS ARCHITECTURE);;;;;;Etude de maîtrise d'œuvre;;48.825146293,2.286966597
0930834B;2.508669742000052;48.94477165500007;Voillaume;Aulnay sous Bois;2012/2022;2013;Rénovation globale (bât B, C, D et entrée);45.68;43.18;SAERP;Ignacio PREGO architectures;;;;;;Sélection entreprise;;48.944771655,2.508669742
0932123C;2.429229615000054;48.907602902000065;André-Sabatier;Bobigny;2001/2006;2007;Restructuration partielle;4.61;5.09;Sequano aménagement;Olivier Boiron / Philippe Freiman;2009-10-27;SPR Bâtiment & industrie / Etandex / Sadec / UTB / BNTIN/NEGRO/CFA/SAS SOURCE;Lots séparés;8;2013-05-07;Opération livrée;2017;48.907602902,2.429229615
0930120A;2.322235043000035;48.95491825100004;Jacques-Feyder;Epinay sur Seine;2001/2006;2011;Restructuration globale - extension et construction d'un internat de 75 places;41.72;7.357;Essonne aménagement;Jacques SEBBAG (Archi5prod);2015-06-03;;;;2017-01-09;Sélection entreprise;;48.954918251,2.322235043
0930121B;2.449169864000055;48.863614332000054;Jean-Jaurès;Montreuil;2001/2006;2002;Rénovation partielle de la cuisine;0.36;0.63;;Opération cofinancée - maîtrise d'ouvrage par le département de CG 93;;;;;;Opération livrée;;48.863614332,2.449169864
0932291K;2.520517906000066;48.86323435600008;Nicolas-Joseph-Cugnot;Neuilly-sur-Marne;2012/2022;2015;Restructuration globale et extension de 400 places;33.37;5.87;SAERP;Jean-Michel BURON (EPICURIA ARCHITECTES)/ CET Ingénierie;;;;;;Etude de maîtrise d'œuvre;;48.863234356,2.520517906
0932638M;2.552882374000035;48.848687881000046;international;Noisy le Grand;2001/2006;2009;Construction 1ère tranche (800 places)  - lycée + internat de 150 places;53.0;56.43;SAERP;Pierre Bolze (atelier 2/3/4);2011-08-25;CBC/GTM/Balas/Blanchard/solstyce/Kone/Ragueneau/Roussel;Lots séparés;7;2014-02-13;Opération livrée;2016;48.848687881,2.552882374
0932221J;2.511297991000049;48.88227084700003;Blaise-Pascal;Villemomble;2001/2006;2000;Aménagement et mise en conformité des lieux de vie, d'espaces sportifs et service de restauration;2.07;4.72;SAERP;Olivier Delaittre / Beterem;2004-08-26;Brezillon / IDFC…;Lots séparés;7;2008-04-07;Opération livrée;2010;48.882270847,2.511297991
0941474S;2.350712237000039;48.802280954000025;Darius-Milhaud;Le Kremlin Bicêtre;2001/2006;2000;Création d'un CDI et d'un foyer des élèves;3.4;3.8;SADEV 94;Rousselot / Oger / Negru / Guez ingénierie;2003-01-04;SEE Simeoni;Ent générale;;2005-05-23;Opération livrée;2006;48.802280954,2.350712237
0941952L;2.457271373000026;48.73035010000007;François-Arago;Villeneuve St Georges;2001/2006;2003;Restructuration partielle des lieux de vie et des ateliers;3.02;3.42;SAERP;Manoilesco / Cotec;2006-09-01;CBM / MGn / Schneider..;Lots séparés;10;2009-05-09;Opération livrée;2009;48.7303501,2.457271373
994CBPX?;;;Lycée neuf;Vincennes;2017/2027;;Construction lycée de 1000 places;3.0;3.0;;;;;;;;Etudes et diagnostics;;
0941294W;2.373327767000035;48.780452669000056;Adolphe-Chérioux;Vitry sur Seine;2001/2006;2011;Restructuration d'ensemble - extension;62.48;11.0;SAERP;Marc ISEPPI Atelier novembre;2015-02-03;;;;;Etude de maîtrise d'œuvre;;48.780452669,2.373327767
0950644J;2.294776;48.972559;Gustave-Monod;Enghien;2001/2006;2011;Restructuration site ouest - 2ème tranche;35.22;35.22;CITALLIOS (ex-SEM 92);Claude DENU (DENU & PARADON) - Cotraitant 1 : BeA Ingénierie - Cotraitant 2 : TRIBU;;;;;;Sélection entreprise;;48.972559,2.294776
0951722F;2.214404327000068;48.99104842300005;Jean-Monnet;Franconville;2001/2006;2001;Restructuration du service de restauration;4.75;5.97;SEMAEST;Mahmoud Keldi / V. Herault / Saunier;2005-02-07;Colas;Ent générale;;2008-06-20;Opération livrée;2009;48.991048423,2.214404327
0950650R;2.383654852000063;48.99472590500005;Jean-Jacques-Rousseau;Sarcelles;2001/2006;1998;Rénovation;17.98;27.1;SAGI;BAPST architecture & Bruno Pantz;2001-06-26;Léon Grosse;Ent générale;;2005-01-14;Opération livrée;2008;48.994725905,2.383654852
0951710T;2.021537452000075;49.03318270900007;Camille-Claudel;Vauréal;2001/2006;2008;Restructuration du service de restauration;2.6;2.6;SAERP;Atelier Claudia Sansovini;;;;;;Opération livrée;2012;49.033182709,2.021537452
0750558Z;2.375017810000031;48.85455877800007;Paul-Poiret;Paris 11ème;2001/2006;1999;Restructuration locaux libérés par le CDES;1.98;2.6;SEMAEST;Boiron;2000-05-09;DBS/Societep/CPA;Lots séparés;3;2001-11-26;Opération livrée;2003;48.854558778,2.37501781
0750677D;2.409505457000023;48.836625430000026;Elisa-Lemonnier;Paris 12ème;2001/2006;2001;Restructuration extension;32.44;33.96;SEMAEST;Léonard Weissmann / BETHAC / Tohier;2004-07-23;GCC;Ent générale;;2006-01-06;Opération livrée;2009;48.83662543,2.409505457
0754476H;2.330870501000049;48.83871522800007;Guillaume-Tirel;Paris 14ème;2001/2006;2007;Construction d'un internat de 100 places;7.67;8.8;Icade Promotion;Atelier BRENAC-GONZALEZ;;Bateg;Ent générale;;2013-05-13;Opération livrée;2014;48.838715228,2.330870501
0750707L;2.320860724000056;48.89714501700007;Ecole-Nationale-de-Commerce;Paris 17ème;2001/2006;1998;Restructuration et mise aux normes de la demi-pension;2.13;2.13;SEMAVIP;Eidekins / LGX Ingénierie / SOGEPIC;1999-11-30;BTNR Construction;Ent générale;;;Opération livrée;;48.897145017,2.320860724
0750650Z;2.393445601000053;48.88824378500004;Alembert (d');Paris 19ème;2001/2006;1998;Rénovation;10.67;14.35;SEMAVIP;Atelier architecture / Dubois / Projetud;1999-11-30;TMCR / Roger Renard / Otis / IDFC / Copsette;Lots séparés;7;2002-04-11;Opération livrée;2005;48.888243785,2.393445601
0770922J;2.612726781000049;48.88331908100008;Gaston-Bachelard/ Louis-Lumière;Chelles;2001/2006;2010;Restructuration du service de restauration;9.35;9.35;CITALLIOS (ex-SEM 92);Adrien DUMONT (COLOMER DUMONT MCBAD)/GRONTMIJ SECHAUD BOSSUYT/ARWYTEC;2014-11-06;;;;2016-01-09;En Chantier;;48.883319081,2.612726781
0772311U;3.092439;48.8241;Georges-Cormier;Coulommiers;2001/2006;2007;Restructuration partielle;9.21;9.21;Essonne aménagement;Guillaume COLBOC (Atelier O-S architecture) / Betom ingénierie;;Canard / Aimedieu / SCREG / Colas;Lots séparés;6;2011-06-20;Opération livrée;2014;48.8241,3.092439
0771027Y;2.64864968400002;48.518216831000075;Joliot-Curie;Dammarie-les-Lys;2001/2006;2010;Restructuration du service de restauration et création de lieux de vie;9.1;1.611;Aménagement 77;Guillaume COLBOC (Ateliers O-S Architectes);;;;;;Etude de maîtrise d'œuvre;;48.518216831,2.648649684
0772751X;2.679614480000055;49.064752214000066;Charlotte Delbo;Dammartin-en-Goele;2001/2006;2011;Construction d'un internat de 80 places;6.35;6.82;SAERP;Philippe LANKRY Architectes;2013-06-11;Nord France construction / Loison / UTB / SEEI / SANEI;Lots séparés;5;;Opération livrée;2017;49.064752214,2.67961448
0772294A;2.639627036000036;48.83890709100007;Emilie-Brontë;Lognes;2001/2006;2001;Construction d'un lycée provisoire;;0.0;Epamarne;MTC / Kalycyan / Djalili / Tisseyre;2001-10-19;CBM;Ent générale;;2002-04-03;Opération livrée;2002;48.838907091,2.639627036
0781860Y;2.170380720000026;48.91425027500003;Les-Pierres-Vives;Carrières-sur-Seine;2017/2027;2017;Extension de 600 places;24.41;4.3;;;;;;;;Sélection mandataire;;48.914250275,2.17038072
0783249H;2.132509520000042;48.839607760000035;Colbert;La Celle St Cloud;2001/2006;2002;Restructuration du service de restauration;3.88;4.38;CITALLIOS (ex-SARRY 78);Olivier Delaitre / Ancelet / Beterem;2005-05-13;Cif réhabilitation / Delcommune / Gougeon / IDFC;Lots séparés;4;2008-11-28;Opération livrée;2010;48.83960776,2.13250952
0782822U;2.137078862000067;48.846225213000025;Corneille;La Celle St Cloud;2001/2006;2000;Restructuration d'ensemble - rénovation;25.15;28.95;CITALLIOS (ex-SARRY 78);Hesters/Oyon/SIBI;2004-02-23;Campenon Bernard Construction;Ent générale;;2007-08-01;Opération livrée;2010;48.846225213,2.137078862
0781983G;2.051178288000074;48.93325687600003;Adrienne-Bolland;Poissy;2017/2027;2017;Opération ciblée réhabilitation des ateliers;9.6;1.5;;;;;;;;Sélection maîtrise d'œuvre;;48.933256876,2.051178288
0911251R;2.423566986000026;48.63688895800004;Parc-des-Loges;Evry;2001/2006;2001;Restructuration - extension;40.0;40.801;Essonne aménagement;Malisan / EPDC / Projetud;2005-01-21;SCGPM;Ent générale;;2006-11-09;Opération livrée;2011;48.636888958,2.423566986
0920130S;2.312998905000029;48.74868508700007;René-Descartes;Antony;2001/2006;2002;Restructuration d'ensemble - extension;34.8;44.657;AFTRP;Furet / OTH bâtiments;;Hervé / BTB Elec / SAGA / Sacamas..;Lots séparés;8;2009-09-25;Opération livrée;2014;48.748685087,2.312998905
0920138A;2.256805062000069;48.89987360500004;Paul-Lapie;Courbevoie;2001/2006;1998;Rénovation - extension;16.05;27.53;AFTRP;Falocci / Seri construction;1999-02-15;Quillery;Ent générale;;2002-05-27;Opération livrée;2006;48.899873605,2.256805062
0920146J;2.288115866000055;48.777587381000046;Marie-Curie;Sceaux;2001/2006;1998;Restructuration de la cuisine et création d'un self;2.28;2.28;;Opération cofinancée - maîtrise d'ouvrage par le département de CG 92;;;;;;Opération livrée;;48.777587381,2.288115866
0921594H;2.326238596000053;48.94080595500003;Michel-Ange;Villeneuve la Garenne;2001/2006;1999;Reconstruction;12.95;17.62;DDE 92;Harari / ERP / Delta fluides / Loiseau;2002-01-25;Hervé / Beci / Vaninetti / Alufer…;Lots séparés;12;2005-11-14;Opération livrée;2008;48.940805955,2.326238596
0931024H;2.39150647300005;48.90538747700003;Jean-Pierre-Timbaud;Aubervilliers;2001/2006;1999;Réhabilitation - gros entretien;16.22;16.22;DDE 93;Cabinet Arthur;1996-01-23;Brezillon;METP;;1999-06-21;Opération livrée;2003;48.905387477,2.391506473
0931272C;2.542196852000075;48.88923944900006;Gustave-Eiffel;Gagny;2001/2006;2008;Restructuration du service de restauration et extension;12.6;17.41;Essonne aménagement;marc Nicolas architecte;2012-08-02;;;;;En Chantier;;48.889239449,2.542196852
0930122C;2.445542092000039;48.85751894200007;Condorcet;Montreuil;2001/2006;1998;Extension et aménagement de l'atelier automobile;4.27;5.67;DDE 93;Lointier / Betom;1999-02-25;Colas / Sertba / Traphon / Alma;Lots séparés;6;2002-10-21;Opération livrée;2004;48.857518942,2.445542092
993RF5Z?;;;Lycée neuf;Pierrefitte;2017/2027;;Construction lycée 1200 places;;;marché de partenariat;;;;;;;Etudes et diagnostics;;
0930124E;2.394769293000024;48.905065869000055;Marcelin-Berthelot;Pantin;2001/2006;2011;Création d'un internat de 100 places;8.5;9.3;SAERP;Chomette-Lupi et associés architectes;2014-04-30;;;;;Sélection entreprise;;48.905065869,2.394769293
0930125F;2.36448650400007;48.941297219000035;Paul-Eluard;Saint Denis;2001/2006;2003;Restructuration du service de restauration;8.29;8.29;SEMAVO;TOA / EVP ingénierie;2006-12-20;Bati Ouest / Renard / Sadec / Flipo;Lots séparés;12;2010-05-21;Opération livrée;2013;48.941297219,2.364486504
0932074Z;2.33750249000002;48.91796645000005;Marcel-Cachin;Saint Ouen;2017/2027;2017;Rénovation globale / reconstruction;47.0;8.27;;;;;;;;Sélection mandataire;;48.91796645,2.33750249
0942269F;2.340110695000021;48.77285634100008;Pauline-Roland;Chevilly Larue;2017/2027;2017;Extention de 400 places;6.44;1.13;;;;;;;;Sélection mandataire;;48.772856341,2.340110695
0941413A;2.445162572000072;48.77975734300003;Léon-Blum;Créteil;2001/2006;2000;Réfection des extérieurs et réalisation d'un hall central;0.72;6.51;SADEV 94;Ligne 7 / Ibat / Bethac;2002-02-27;SEE Simeoni;Ent générale;;2005-05-23;Opération livrée;2007;48.779757343,2.445162572
0940117S;2.482605078000063;48.835229999000035;Edouard-Branly;Nogent sur Marne;2001/2006;2000;Restructuration d'ensemble - extension;19.82;20.23;SAERP;Jean-François Schmit / Ingenierie Studio;2004-06-29;Bateg;Ent générale;;2006-03-27;Opération livrée;2008;48.835229999,2.482605078
0942130E;2.515424525000071;48.770416873000045;Montaleau;Sucy en Brie;2001/2006;2002;Restructuration d'ensemble - extension;15.35;18.23;SADEV 94;de Soos / Pixea / CET ingénierie;2006-09-01;Boyer / Algeco / Ragueneau;Lots séparés;3;2008-03-21;Opération livrée;2010;48.770416873,2.515424525
0941294W;2.373327767000035;48.780452669000056;Adolphe-Chérioux;Vitry sur Seine;2001/2006;1999;Restructuration et réhabilitation lourde du bâtiment C;1.859;1.86;;Opération cofinancée - maîtrise d'ouvrage par le département de CG 94;;;;;;Opération livrée;;48.780452669,2.373327767
0951618T;2.108028500000046;49.02202325300004;Auguste-Escoffier;Eragny;2012/2022;2013;Rénovation simple;6.0;1.06;CITALLIOS (ex-SEM 92);Architecture PATRICK MAUGER /A.val Consultants / CAP Ingelec / ARWYTEC;2016-06-04;;;;;Etude de maîtrise d'œuvre;;49.022023253,2.1080285
0750654D;2.347383254000022;48.84635840900006;Henri-IV;Paris 05ème;2017/2027;2018;Rénovation de la coupole des croisées des Génovéfains;4.73;0.79;SAERP;;;;;;;Etudes et diagnostics;;48.846358409,2.347383254
0750693W;2.311711522000053;48.84345771000005;Buffon;Paris 15ème;2001/2006;2009;Restructuration ciblée du pôle sciences du collège et du lycée;3.2;3.27;SAERP;Dominique PINON;;SNCP/SCGE/CLIMASCIENCE;Lots séparés;3;;Opération livrée;2013;48.84345771,2.311711522
0750612H;2.295018335000066;48.83368956100003;ENSAAMA;Paris 15ème;2001/2006;1998;Rénovation/extension;16.76;23.72;SEMAVIP;Lehoux-Phily / Rouquette / SMC/CET/GAY PUIG;2000-07-08;Colas;Ent générale;;2004-07-07;Opération livrée;2009;48.833689561,2.295018335
0750699C;2.279442298000049;48.86555024300003;Janson-de-Sailly;Paris 16ème;2001/2006;1998;Restructuration liée au désamiantage;3.399;3.4;;Opération cofinancée - maîtrise d'ouvrage par le département de Paris;;;;;;Opération livrée;;48.865550243,2.279442298
0750702F;2.256571096000073;48.84519000800003;La-Fontaine;Paris 16ème;2001/2006;1997;Réaménagement du CDI;0.82;0.9;;Opération cofinancée - maîtrise d'ouvrage par le département de Paris;;;;;;Opération livrée;;48.845190008,2.256571096
0750704H;2.307832346000055;48.88448613500003;Carnot;Paris 17ème;2001/2006;2002;Restructuration de la cuisine et du service de restauration de la hall Eiffel;1.42;1.42;;Opération cofinancée - maîtrise d'ouvrage par le département de Paris;;;;;;Opération livrée;2005;48.884486135,2.307832346
0770918E;2.736431449000065;48.40973630500008;Uruguay-France;Avon;2012/2022;2013;Reconstruction de l'internat de 170 places et extension de 30 places nouvelles;17.0;2.99;SAERP;françois LECLERCQ;2015-01-08;;;;;Etude de maîtrise d'œuvre;;48.409736305,2.736431449
0770918E;2.736431449000065;48.40973630500008;Uruguay-France;Avon;2001/2006;2001;Restructuration de la restauration, des logements de fonction, des parkings et mise en sécurité incendie;4.3;10.8;Icade Promotion;Terreneuve / CAP Ingelec / CPS / Kephren / MD;2006-01-03;Hanny / Froid 77 / Forclum / Dufay Mandre;Lots séparés;8;2008-05-09;Opération livrée;2010;48.409736305,2.736431449
0770933W;2.659581506000052;48.54615802100005;Jacques-Amyot;Melun;2001/2006;2001;Restructuration - extension;22.63;22.63;Essonne aménagement;Fabienne Gerin-Jean / Sibat;2004-11-06;Gagneraud;Ent générale;;2006-09-29;Opération livrée;2008;48.546158021,2.659581506
0770938B;2.96080954100006;48.39536813900003;André-Malraux;Montereau-Fault-Yonne;2001/2006;1999;Réhabilitation - extension - gros entretien;28.75;28.75;;Manoilesco / SERETE construction;1997-01-11;Gespace / Campenon;METP;;1999-05-17;Opération livrée;2001;48.395368139,2.960809541
0772688D;2.779001545000028;48.857443741000054;Emilie-du-Châtelet;Serris;2001/2006;2004;Construction (870 places);29.1;43.02;SAERP;Badia-Berger / Mathieu Lusigny / Bethac;2006-07-27;Bouygues / Soreco SA / Ega TP;Ent générale;;2008-05-09;Opération livrée;2010;48.857443741,2.779001545
0783533S;1.716477693000059;48.96508787000005;Camille-Claudel;Mantes la Ville;2012/2022;2013;Extension de capacité de 300 places;22.35;3.9;Icade Promotion;Jean GUERVILLY (GM architecture);2016-01-19;;;;;Etude de maîtrise d'œuvre;;48.96508787,1.716477693
0780004F;2.107959078000022;48.924733952000054;Agricole;Saint Germain en Laye;2001/2006;2002;Restructuration d'ensemble - extension;44.07;54.78;Icade Promotion;Art'ur / BATUT / Brindel;2006-01-13;CBC / Viola / Huron / Simon / Eurovia / Balas // Elyssa / Savec / Derichebourg / CMF / Eurovia;Lots séparés;7;2015-05-22;Opération livrée;2015;48.924733952,2.107959078
0782557F;2.085775635000061;48.899837717000025;Jean-Baptiste-Poquelin;Saint Germain en Laye;2001/2006;2009;Restructuration d'ensemble;25.0;25.0;CITALLIOS (ex-SEM 92);Philippe Prost;2013-12-04;Brezillon / Eiffage énergie / Nervet & Brousseau / Le froid Bornet / SRBG;Lots séparés;6;2015-05-22;En Chantier;;48.899837717,2.085775635
0911021R;2.503386970000065;48.69302569900003;Talma;Brunoy;2001/2006;1999;Création d'un foyer et de salles d'activité;0.91;2.278474;Essonne aménagement;Guerin et partenaires;;Outarex;Ent générale;;2006-11-20;Opération livrée;2007;48.693025699,2.50338697
0910621F;1.992162;48.534016;Nikola Tesla (ex-Sarcey);Dourdan;2001/2006;2000;Création d'une salle polyvalente et d'espaces de détente;2.59;3.35;Essonne aménagement;Laurent Coulon / Synerg;2005-01-12;Papillon / Outarex / Treuil…;Lots séparés;5;2010-11-01;Opération livrée;2011;48.534016,1.992162
0910429X;2.224865127000044;48.59137521100007;Château-du-Lac;Ollainville;2001/2006;1999;Restructuration de la demi-pension, des internats, réaménagement des lieux de vie;6.09;9.82;Essonne aménagement;Mauffret / Armor ingénierie / BSO;2001-07-13;Pitel / Treuil / Bouget;Lots séparés;7;2005-12-19;Opération livrée;2008;48.591375211,2.224865127
0920429S;2.290222138000047;48.914784618000056;Martin-Luther-King;Asnières;2001/2006;2002;Restructuration d'ensemble;12.5;13.4;SAERP;Gérard Buffière / AC ingénierie;2006-06-15;SNRB;Ent générale;;2009-06-04;Opération livrée;2011;48.914784618,2.290222138
0920135X;2.277245906000076;48.76898567300003;Emmanuel-Mounier;Chatenay Malabry;2001/2006;2000;Restructuration du service de restauration;2.61;3.21;AFTRP;Boudry / Eurotec / EPDC;2002-05-15;Quillery;Ent générale;;2004-12-20;Opération livrée;2005;48.768985673,2.277245906
0921156G;2.303970387000049;48.92121797600004;Galilée;Gennevilliers;2001/2006;1998;Reconstruction HQE sur équipements ponctuels (tri sélectif, équipement chauffage, éclairage…);27.43;45.51;Icade Promotion;Jean-Pierre Lott;1998-12-18;Léon Grosse / Balas & Mahey / Lafon…;Lots séparés;9;2003-03-19;Opération livrée;2005;48.921217976,2.303970387
0920163C;2.28315630000003;48.81081423400008;Louis-Girard;Malakoff;2001/2006;2002;Restructuration d'ensemble - extension;21.95;24.87;Icade Promotion;Christine et Dominique Carril architectes;2006-02-05;Colas / Trouve / Derichbourg / Setralec..;Lots séparés;8;2009-02-23;Opération livrée;2012;48.810814234,2.2831563
0920143F;2.25588336900006;48.88257101700003;Folie-Saint-James (la);Neuilly sur Seine;2001/2006;2000;Reconstruction;9.6;15.42;;Opération cofinancée - maîtrise d'ouvrage par le département de CG 92;;;;;;Opération livrée;;48.882571017,2.255883369
0921935D;2.158301010000059;48.846758641000065;Toulouse-Lautrec;Vaucresson;2001/2006;1999;Rénovation et restructuration;35.0;93.14;SAERP;Jard/Brychcy architecture;2003-02-28;Eiffage construction;Ent générale;;2007-06-07;Opération livrée;2014;48.846758641,2.15830101
0930834B;2.508669742000052;48.94477165500007;Voillaume;Aulnay sous Bois;2001/2006;2010;Reconstruction de l'internat avec création de 40 places;6.9;8.191;Icade Promotion;Bernard VALERO (VALERO-GADAN Architectes);2014-05-05;;;;;Opération livrée;2017;48.944771655,2.508669742
0932282A;2.491481322000027;48.906258319000074;Léo-Lagrange;Bondy;2001/2006;2002;Restructuration d'ensemble - extension;6.7;12.7;SAERP;Rousselot / Oger / Berim;2003-07-24;Hervé;Ent générale;;2008-04-07;Opération livrée;2012;48.906258319,2.491481322
0941470M;2.556964349000054;48.79875612600006;Champlain;Chennevières sur Marne;2001/2006;2000;Restructuration - extension;40.09;49.701;Icade Promotion;De Soos associés / Pixea / Technologies / Verdelet;2005-01-02;Colas;Ent générale;;2008-06-20;Opération livrée;2011;48.798756126,2.556964349
0940120V;2.468977724000069;48.80992499800004;Marcelin-Berthelot;Saint Maur des Fossés;2012/2022;2013;Rénovation thermique;4.0;4.0;SAERP;en cours;;;;;;Sélection entreprise;;48.809924998,2.468977724
0942130E;2.515424525000071;48.770416873000045;Montaleau;Sucy en Brie;2001/2006;1999;Restructuration du service de restauration;1.52;2.24;SADEV 94;Catherine Dormoy / Betiba;2000-04-10;Quillery;Ent générale;;2004-11-15;Opération livrée;2005;48.770416873,2.515424525
0950640E;2.233313200000055;48.952180267000074;Julie-Victoire Daubié;Argenteuil;2001/2006;2002;Construction d'un lycée provisoire;7.16;7.16;SEMAEST;SCP Laumonnier - Menninger / BET SLI;2002-12-11;Cougnaud / Societep;Lots séparés;2;2003-10-27;Opération livrée;2004;48.952180267,2.2333132
0951974E;2.287566424000033;48.995649754000056;Louis-Armand;Eaubonne;2001/2006;1998;Extension (600 places);10.67;18.89;Icade Promotion;Ameller-Duvois / C2L / Terrel-Rooke / ETB..;2001-01-16;Hervé;Ent générale;;2004-11-15;Opération livrée;2007;48.995649754,2.287566424
0951723G;2.146187509000072;48.99939601500006;Montesquieu;Herblay;2012/2022;2013;Equipt sportifs : aménagement d'un terrain de sport - SUSPENDU;0.3;0.05;maitrise d'ouvrage directe;;;;;;;Suspendue;;48.999396015,2.146187509
0750788Z;2.373630311000056;48.85524672100007;Marcel-Deprez;Paris 11ème;2001/2006;1998;Rénovation - extension;19.72;21.24;Icade Promotion;Bizouard - Pin / BET Serete;1999-08-12;Rabot Dutilleul construction;Ent générale;;2001-06-25;Opération livrée;2004;48.855246721,2.373630311
0750675B;2.384507851000024;48.86352858400005;Voltaire;Paris 11ème;2001/2006;2009;Restructuration du service de restauration;5.4;5.4;SEMAEST;Mauger/DAL/AC2R/Val consultants/ITEC Fluides;2013-09-07;;;;;En Chantier;;48.863528584,2.384507851
0750680G;2.394312742000068;48.84792995200007;Arago;Paris 12ème;2001/2006;1998;Rénovation et mise aux normes de la demi-pension;1.68;1.83;SEMAEST;Valero-Gadan/LGX-Ingenierie MD;1999-09-22;DBS;Ent générale;;2000-06-19;Opération livrée;2001;48.847929952,2.394312742
0750679F;2.409176177000063;48.83983362300006;Paul-Valéry;Paris 12ème;2001/2006;2011;Reconstruction du lycée (+ 500 places)et construction d'un internat de 150 places;56.5;50.16;SODEREC;Alain Gignoux Arcjitectes/MIZRAHI/Eléments ingenierie;;;;;;Etude de maîtrise d'œuvre;;48.839833623,2.409176177
0753268V;2.353294720000065;48.834260785000026;Jean-Lurçat;Paris 13ème;2001/2006;2002;Rénovation d'ensemble;28.06;32.093;SEMAEST;Marie SCHWEITZER / Iratome;2005-01-25;Demathieu / Bard / Colas;Ent générale;;2007-09-03;Opération livrée;2010;48.834260785,2.35329472
0750787Y;2.348886918000062;48.83038306600008;Tolbiac (fusion Arts-Graph);Paris 13ème;2001/2006;2001;Aménagement de lieux de vie et d'un CDI;1.9;1.9;SEMAEST;ACAUR/AXE IB;2003-11-25;Colas;Ent générale;;2005-02-18;Opération livrée;2006;48.830383066,2.348886918
0750802P;2.372551129000044;48.89234944100008;Hector-Guimard;Paris 19ème;2001/2006;2001;Grosses réparations;0.46;0.46;SEMAVIP;;;;;;;Opération livrée;2005;48.892349441,2.372551129
0771357G;3.124168119000046;48.78954677200005;Bretonnière (la);Chailly en Brie;2001/2006;2003;Construction d'une halle de sports et de 6 logements de fonction;4.7;6.82;Icade Promotion;SCPA Gonot Marcenac / Riotte-Herault-Marchal;2006-03-07;Mate / Saussine / MS construction/Sport France;Lots séparés;8;2010-11-01;Opération livrée;2012;48.789546772,3.124168119
0770922J;2.612726781000049;48.88331908100008;Gaston-Bachelard/ Louis-Lumière;Chelles;2001/2006;2005;Restructuration partielle et extension ponctuelle;9.3;12.43;SAERP;Isabelle Biro / EPDC;2006-10-10;Negro / Egeim / Colas / Pitel / Rougnon;Lots séparés;6;2008-05-09;Opération livrée;2010;48.883319081,2.612726781
0771995A;2.677001904000065;48.93797217700006;Champ-de-Claye (le);Claye Souilly;2001/2006;2000;Création d'une salle polyvalente, d'espaces de sport et de détente + espaces professeurs;2.39;3.4;DDE 77 puis Aménagement 77;Martine Crettez / BETM;2004-10-27;ASA / Delcloy / IDFC / Hugon sports/Defillon;Lots séparés;9;2008-01-06;Opération livrée;2009;48.937972177,2.677001904
0771658J;2.965751988000022;49.02049041600003;Gué-à-Tresmes (du);Congis s/Therouanne;2001/2006;2001;Reconstruction des logements et mise en conformité de la station d'épuration;6.7;9.67;Essonne aménagement;Architecture et développement / archimède;2004-08-17;Viapark / La seconde / Bel Habitat / Lucas / Coutelin;Lots séparés;3;2006-05-09;Opération livrée;2011;49.020490416,2.965751988
0772294A;2.639627036000036;48.83890709100007;Emilie Brontë;Lognes;2001/2006;1997;Déconstruction;12.2;23.49;Epamarne;MTC / Kalycyan / Djalili / Tisseyre;2004-03-23;DGC;Ent générale;;2009-04-12;Opération livrée;2010;48.838907091,2.639627036
0772294A;2.639627036000036;48.83890709100007;Emilie-Brontë;Lognes;2012/2022;2011;Construction d'un lycée neuf (avec extension de capacité de 200 places);40.0;40.0;SAERP;Barbara DUMONT (BW Architecture);2015-07-30;;;;;En Chantier;;48.838907091,2.639627036
0771880A;2.913896062000049;48.954465791000075;Charles-Baudelaire;Meaux;2001/2006;2003;Restructuration du service de restauration et création de lieux de vie;7.9;7.94;CITALLIOS (ex-SEM 92);Rousselot / Gruet ingénierie;2006-10-07;Altempo / Demoineaux SAS / EDMC / Socape;Lots séparés;11;2008-06-20;Opération livrée;2010;48.954465791,2.913896062
0781845G;2.095222533000026;48.99861971400003;Jules-Ferry;Conflans Ste Honorine;2001/2006;2001;Travaux de gros entretien;0.99;2.58;Icade Promotion;Etienne Dufay;2003-09-29;SARL thermosani / Barbier;Lots séparés;2;2006-06-16;Opération livrée;2008;48.998619714,2.095222533
0781845G;2.095222533000026;48.99861971400003;Jules-Ferry;Conflans Ste Honorine;2001/2006;1999;Aménagement des salles de permanence et cafétéria - réaménagement du pôle vie scolaire;1.45;2.15;Icade Promotion;Bruno Rollet / Beaulieu ingénierie;2001-05-23;Quillery;Ent générale;;2004-09-17;Opération livrée;2005;48.998619714,2.095222533
0783214V;2.118802423000034;48.841225404000056;Lucien-René-Duchesne;La Celle St Cloud;2001/2006;1998;Reconstruction;19.05;24.22;CITALLIOS (ex-SARRY 78);Arene Edeikins / Betom Ingénierie;2000-06-27;Campenon Bernard / Semap / Sertba / Forclum;Lots séparés;8;2003-09-07;Opération livrée;2007;48.841225404,2.118802423
0783259U;1.941871641000034;48.75278018100005;ERPD;La Verrière;2001/2006;1998;Rénovation;14.48;20.18;CITALLIOS (ex-SARRY 78);Sas Philippe Madec / Arcobia;1999-12-23;Colas;Ent générale;;2004-08-03;Opération livrée;2007;48.752780181,1.941871641
0782602E;2.133796896000035;48.82617474500006;Jean-Moulin;Le Chesnay;2001/2006;2009;Restructuration partielle;5.5;6.27;CITALLIOS (ex-SEM 92);Bathellier / Scoping / BET TE;2012-01-10;MEI MORAND / DUBOIS;;;2015-11-20;En Chantier;;48.826174745,2.133796896
0782563M;2.137439326000049;48.801064387000054;La-Bruyère;Versailles;2001/2006;1998;Rénovation et construction d'un internat de 80 places;12.19;16.23;SAERP;Yann Brunel;2000-02-29;Quillery / DGSI / Alma / Wattelet;Lots séparés;4;2002-04-11;Opération livrée;2006;48.801064387,2.137439326
0910622G;2.150636199000076;48.43572229100005;Geoffroy-St-Hilaire;Etampes;2012/2022;2013;Construction d'un internat de 100 places;9.0;1.58;Essonne aménagement;Laurence ALLegret/studio ITA/TPFI;;;;;2017-01-08;Sélection entreprise;;48.435722291,2.150636199
0921156G;2.303970387000049;48.92121797600004;Galilée;Gennevilliers;2001/2006;2009;Construction d'un internat de 125 places;11.7;11.7;Sequano aménagement;Jean-Pierre Lott;2013-07-06;Eliez (lot 2)/CERP / Sesar / Bentin / Eurovia;Lots séparés;5;2015-05-22;Opération livrée;2016;48.921217976,2.303970387
0920170K;2.303622821000033;48.78147971200008;Florian;Sceaux;2001/2006;2000;Restructuration - extension;12.35;23.0;SAERP;Valérie Vaudou / Laurence Allegret / Betom;2006-12-15;Pitel / Renard / Cide Elec / Eliez…;Lots séparés;8;2010-07-05;Opération livrée;2013;48.781479712,2.303622821
0932119Y;2.43072115700005;48.874883890000035;Eugène-Hénaff;Bagnolet;2001/2006;1998;Rénovation - extension;22.25;31.94;AFTRP;Lehoux / Phily / Acte Ile-de-France;2000-09-08;Pitel / Gaj / Treuil / Axima / Otis;Lots séparés;5;2003-03-11;Opération livrée;;48.87488389,2.430721157
0931613Y;2.441545400000052;48.90232898000005;Louise Michel;Bobigny;2012/2022;2014;Rénovation simple;6.0;1.108;SAERP;Laurence ALLEGRET (Vaudou Allégret) architecte / Cyril BRETON (Studio ITA) / EVP Ingénierie / CAP INGELEC;2016-06-04;;;;;Etude de maîtrise d'œuvre;;48.90232898,2.4415454
0931735F;2.299037674000033;48.961402623000026;Louise-Michel;Epinay sur Seine;2001/2006;2006;Restructuration d'ensemble - extension;19.85;21.604;Essonne aménagement;Valero / Gadan;;Urbaine de travaux / Colas / Otis…;Lots séparés;6;2011-11-01;Opération livrée;2014;48.961402623,2.299037674
0932577W;2.419802820000029;48.93475311100008;Germaine Tillion;Le Bourget;2001/2006;2006;Construction (665 places);26.57;28.51;SAERP;Hubert & Roy;;GCC / TEPC / Soreco;Lots séparés;4;2012-02-13;Opération livrée;2014;48.934753111,2.41980282
0931739K;2.496330157000045;48.863495639000064;Jean-Moulin;Rosny;2001/2006;2002;Reconstruction sur un autre site;26.31;26.76;Sodedat 93;Dusapin / Leclerc / OTH;2005-06-04;Bouygues;Ent générale;;2007-05-07;Opération livrée;2009;48.863495639,2.496330157
0940113M;2.49747923700005;48.81643825100008;Langevin-Wallon;Champigny sur Marne;2001/2006;2006;Restructuration du service de restauration;6.7;7.02;CITALLIOS (ex-SEM 92);Christine Rousselot / Gruet ingénierie;;Ardeco / Otis / Go services;;;;Opération livrée;2012;48.816438251,2.497479237
0942269F;2.340110695000021;48.77285634100008;Pauline-Roland;Chevilly Larue;2001/2006;2005;Construction (800 places);29.1;29.69;SAERP;Daquin-Ferriere / 3A IDF / Projetud / EPDC;2006-08-30;Sicra-Demathieu & Bard;Ent générale;;2009-01-19;Opération livrée;2011;48.772856341,2.340110695
0940114N;2.462642963000064;48.78284663900007;Saint-Exupéry;Créteil;2012/2022;2013;Rénovation simple;6.0;4.37;Essonne aménagement;;;;;;;En Chantier;;48.782846639,2.462642963
0940138P;2.403251656000066;48.74918824500003;Armand-Guillaumin;Orly;2001/2006;1999;Réhabilitation et gros entretien;8.77;8.77;;Jacqueline Jean-Jean;;Brezillon;METP;;1999-04-15;Opération livrée;;48.749188245,2.403251656
0951811C;2.226499432000026;48.951364014000035;Fernand-et-Nadia-Léger;Argenteuil;2001/2006;2010;Restructuration partielle;16.38;17.897;SAERP;Christelle BESSEYRE (TOA Architecte);2014-07-22;Hervé/SOGEFI/CESA/SESAR/DUBOIS;Lots séparés;5;2016-04-11;En Chantier;;48.951364014,2.226499432
0952173W;2.215409071000067;48.921607864000066;Eugène-Ronceray;Bezons;2012/2022;2014;Rénovation globale;54.45;9.58;SAERP;Guillaume COLBOC (Ateliers O-S Architectes);;;;;;Etude de maîtrise d'œuvre;;48.921607864,2.215409071
0950645K;2.25452652000007;48.98497097900008;Van-Gogh;Ermont;2012/2022;2014;Opération ciblée : restructuration du service de restauration;9.18;1.61;Icade Promotion;Laurence CARMINATI Architecte;;;;;;Etude de maîtrise d'œuvre;;48.984970979,2.25452652
0951147F;2.224410548000037;49.116222667000045;Fragonard;L'Isle Adam;2012/2022;2013;Rénovation thermique;7.9;7.9;SAERP;Au sein du groupe;;Veolia;;;;Sélection entreprise;;49.116222667,2.224410548
0750652B;2.360482587000035;48.85423825200007;Charlemagne;Paris 04ème;2001/2006;2010;Restauration de la bibliothèque - SUSPENDU;3.11;0.55;SAERP;Agence Gatier;2012-01-30;;;;;Suspendue;;48.854238252,2.360482587
0750558Z;2.375017810000031;48.85455877800007;Paul-Poiret;Paris 11ème;2001/2006;1997;Rénovation restructuration;1.98;3.36;SEMAEST;De Certeau;;Gebatim;Ent générale;;1999-01-18;Opération livrée;1999;48.854558778,2.37501781
0754476H;2.330870501000049;48.83871522800007;Guillaume-Tirel;Paris 14ème;2001/2006;1998;Reconstruction sur l'ancien site du lycée Raspail;15.54;28.94;RIVP;Brenac / Gonzales / Pigeon / Projetud;1999-03-19;Bouygues;Ent générale;;2004-12-01;Opération livrée;2006;48.838715228,2.330870501
0750796H;2.272447646000046;48.86126927400005;Octave-Feuillet;Paris 16ème;2001/2006;2000;Restructuration du service de restauration;1.37;1.87;SEMAEST;Lescot / Sincoba;2001-10-05;DBS/IDFC;Lots séparés;2;2002-10-06;Opération livrée;2005;48.861269274,2.272447646
0750714U;2.406954392000046;48.847818808000056;Hélène-Boucher;Paris 20ème;2001/2006;2001;Restructuration de locaux scolaires;1.04;1.04;;Opération cofinancée - maîtrise d'ouvrage par le département de Paris;;;;;;Opération livrée;2001;48.847818808,2.406954392
0771436T;2.644851944000038;48.672137013000054;Bougainville;Brie Comte Robert;2001/2006;2000;Restructuration d'ensemble - extension;29.87;53.96;SAERP;Arene Edeikins / GEC;2004-03-08;Bouygues / Sacer;Ent générale;;2008-07-03;Opération livrée;2011;48.672137013,2.644851944
0770342D;3.145269903000042;48.980221130000075;Léopold-Bellan;Chamigny;2001/2006;2000;Restructuration du service de restauration - SUSPENDU;2.9;2.9;DDE 77 - transfert de mandat en cours à la SAERP;Rerat / Duret / Bleuse / Ferro / Buchet / Mosaic;2004-03-16;;;;;Suspendue;;48.98022113,3.145269903
0772276F;2.612639891000072;48.88858424700004;Jehan-de-Chelles;Chelles;2001/2006;1998;Extension (seconde tranche);8.53;12.4;DDE 77;Soisick Cleret / Eurotec;2001-10-08;Hanny / HTTP est / ASA / Berger / Bornhauser..;Lots séparés;14;2004-01-27;Opération livrée;2005;48.888584247,2.612639891
0770926N;2.687449209000022;48.398379617000046;François Couperin;Fontainebleau;2017/2027;2017;Extension capacité (500 places) et rénovation demi-pension;13.7;2.46;SAERP;;;;;;;Sélection maîtrise d'œuvre;;48.398379617,2.687449209
0771512A;2.720147606000069;48.86795415600005;Van-Dongen;Lagny-sur-Marne;2001/2006;2002;Restructuration du service de restauration et reconstruction des logements de fonction;8.58;10.25;Aménagement 77;Bauve / Racine / CBK hôtellerie / Abac;2005-04-03;Verdoia / Brunel / Colas / Plimard / Davesne / Ecobat;Lots séparés;12;2009-10-30;Opération livrée;2011;48.867954156,2.720147606
0772244W;2.578858766000053;48.594470072000036;Antonin-Carême;Savigny-le-Temple;2001/2006;2007;Construction d'un internat de 100 places;7.67;7.67;Icade Promotion;SAO architectes - Augustin Rosenstiehl;;;Lots séparés;9;;Opération livrée;2013;48.594470072,2.578858766
0770944H;2.728507204000039;48.88851901500004;Auguste-Perdonnet;Thorigny-sur-Marne;2001/2006;2008;Restructuration partielle;3.7;3.7;SAERP;Olivier de Certeau / MTC;2010-02-22;VITTE/CANAT/INEO;Lots séparés;4;;Opération livrée;2014;48.888519015,2.728507204
0772120L;2.657643391000022;48.836079409000035;Jean-Moulin;Torcy;2012/2022;2015;Restructuration globale;31.98;5.62;SAERP;Guillaume RELIER (R Architecture);;;;;;Etude de maîtrise d'œuvre;;48.836079409,2.657643391
0781859X;1.854927967000037;48.95314286100006;Vincent-Van-Gogh;Aubergenville;2012/2022;2013;Opération ciblée : restructuration de la demi-pension;6.75;5.39;Icade Promotion;Guillaume COLBOC (ATELIERS O-S ARCHITECTES);;;;;;Etude de maîtrise d'œuvre;;48.953142861,1.854927967
0781578S;2.050377670000046;48.78485582300004;Hôtellerie-Tourisme;Guyancourt;2001/2006;2001;Rénovation d'ensemble;40.5;62.33;CITALLIOS (ex-SARRY 78);Anne Demians / Betom Ingénierie;2006-04-01;Bouygues / Colas / Elale / Le Clorec;Lots séparés;2;2010-09-13;Opération livrée;2016;48.784855823,2.05037767
0781984H;1.92143373600004;48.97964006800004;Vaucanson;Les Mureaux;2001/2006;2008;Restructuration partielle;8.9;9.7;H4 puis SODEREC dès 2015 puis SAERP en 2016;Adrien Robain / LGX ingénierie;;;;;;Sélection entreprise;;48.979640068,1.921433736
0781948U;1.775086602000044;48.97363300600006;Lavoisier;Porcheville;2001/2006;1999;Aménagement d'une aire d'évolution, d'un parking - réfection partielle des bâtiments administration et ateliers;1.89;3.9909;CITALLIOS (ex-SARRY 78);;2003-10-25;BLI BTP / Bati Ouest / Watelet;Lots séparés;2;2006-07-13;Opération livrée;2007;48.973633006,1.775086602
0782567S;2.14177350600005;48.79863567400008;Marie-Curie;Versailles;2001/2006;2009;Restructuration du service de restauration;7.0;6.99;Essonne aménagement;Bernard Ropa / Betom / Capterre;2013-02-27;SBM/Eiffage énergie/ Gallier / Thyssen Krupp / Le Cloarec;Lots séparés;5;2015-05-22;Opération livrée;2016;48.798635674,2.141773506
0911021R;2.503386970000065;48.69302569900003;Talma;Brunoy;2012/2022;2013;Rénovation thermique;6.5;6.5;SAERP;Reichen & Robert associés;;Hervé SA;;;;En Chantier;;48.693025699,2.50338697
0911401D;2.138666405000038;48.43465804400006;Nelson-Mandela;Etampes;2001/2006;2006;Reconstruction;31.57;31.57;Essonne aménagement;Philippe Gazeau / Projetud;;Gagnereau / UTB / Froid 77;Lots séparés;5;2012-02-12;Opération livrée;2014;48.434658044,2.138666405
0920131T;2.281982809000056;48.92235085400006;Auguste-Renoir;Asnières;2001/2006;1999;Création de lieux de vie et réfection des façades;3.96;7.13;AFTRP;Seurin / Seet Cecoba Rocher;2001-11-14;Quillery;Ent générale;;2004-03-12;Opération livrée;2006;48.922350854,2.281982809
0921592F;2.220569271000045;48.79448056000007;Côtes-de-Villebon (les);Meudon;2001/2006;1998;Réfection partielle et mise aux normes de sécurité;;3.86;DDE 92;Nathalie Lacagne / Sincoba;2004-05-25;Sisap / MPO / Elec / BECI…;Lots séparés;6;2006-11-12;Opération livrée;2007;48.79448056,2.220569271
0920145H;2.306685323000068;48.77746183700003;Lakanal;Sceaux;2001/2006;2009;Restauration du clos et couvert de la cité scolaire;19.0;22.57;SAERP;Michel Goutal;2011-02-17;Tubesca Comabi / Lanfry / Balas / Sessler / Coquard/SARL LES METIERS DU BOIS / Georges Lanfry;Lots séparés;;2015-12-06;Opération livrée;2017;48.777461837,2.306685323
0931585T;2.520024263000039;48.91296702000005;André-Boulloche;Livry Gargan;2001/2006;2008;Restructuration du service de restauration;6.58;6.636;SEMAEST;Mahmoud Keldi / Ceris Etudes / Cosyrest;2012-06-06;;;;2016-01-04;En Chantier;;48.91296702,2.520024263
0941474S;2.350712237000039;48.802280954000025;Darius-Milhaud;Le Kremlin Bicêtre;2001/2006;2010;Restructuration globale - extension;44.64;44.26;SAERP;Isabelle BIRO;2014-04-28;;;;;En Chantier;;48.802280954,2.350712237
0940742W;2.510720424000056;48.74374076600003;Guillaume-Budé;Limeil Brevannes;2001/2006;1999;Rénovation;9.14;11.34;SAERP;Berthelier / Fichet / Tribouillet / Best;1999-12-28;TPSP / Segecob / Duval / Garnier / Vallée…;Lots séparés;8;2002-04-11;Opération livrée;2005;48.743740766,2.510720424
0950640E;2.233313200000055;48.952180267000074;Julie-Victoire-Daubié;Argenteuil;2001/2006;2002;Reconstruction sur un autre site;31.51;31.51;SEMAEST;De la Noue - Porro / Betom / CAP Terre;2005-04-04;Dumez;Ent générale;;2008-01-25;Opération livrée;2010;48.952180267,2.2333132
0951281B;2.321294117000036;48.98526476400008;Turgot;Montmorency;2001/2006;1998;Rénovation, restructuration, extension ponctuelle;11.12;32.492;SAERP mandat avec DDE 95 résilié;XTU (Legendre/Desmazières) / GEC SA;2003-03-07;Omni Decors/UTB/Grande Cuisine/STEPC;Lots séparés;7;2009-01-19;Opération livrée;2014;48.985264764,2.321294117
0750657G;2.336144429000058;48.84418487200003;Montaigne;Paris 6ème;2001/2006;;Réhabilitation (3ème tranche);6.22;6.22;RIVP;Casanova;;SGCE;;;;En Chantier;;48.844184872,2.336144429
0750789A;;;Les-Camélias;Paris 14ème;2001/2006;2002;Restructuration en internat de 40 places - ABANDONNE en 2016;6.87;6.87;SAERP;Coulon-Jost - IGB - E3;2006-01-03;;;;;Abandonné;;
0751708Z;2.285540293000054;48.83728478200004;Louis-Armand;Paris 15ème;2001/2006;2003;Restructuration liée au désamiantage et déplacement sur Villon et rénovation du gymnase su lycée François Villon;25.26;34.547;SAERP;Agence Dolle-Labbe;;"Léon Grosse (GO)
Sarmates (menuiseries bardages)
Fauré environnement (CVC)";;;;En Chantier;;48.837284782,2.285540293
0750699C;2.279442298000049;48.86555024300003;Janson-de-Sailly;Paris 16ème;2012/2022;2013;Opération ciblée : restructuration pôle sciences;11.0;11.0;Icade Promotion;Alain ROMBAUT;;"Patrimoine et Rénovation
Peintures parisiennes
Ridoret menuiseries
ETI
Ducré
Schindler
Pinault Gapaix (déplombage)
Posseme";;;;En Chantier;;48.865550243,2.279442298
0750798K;;;Fortuny (Lycée fermé);Paris 17ème;2001/2006;1998;Rénovation des extérieurs;1.22;1.44;SAERP;Dufay / Ingénierie Studio;2002-03-21;SRC;Ent générale;;2004-08-03;Opération livrée;2004;
0771027Y;2.64864968400002;48.518216831000075;Joliot-Curie;Dammarie-les-Lys;2001/2006;1998;Rénovation des ateliers;4.96;6.99;DDE 77;Phileas/EEG Simecsol;2000-10-01;Levaux;Ent générale;;2003-12-22;Opération livrée;2006;48.518216831,2.648649684
0781839A;1.782159720000038;48.802284419000046;Jean-Monnet;La Queue lez Yvelines;2012/2022;2014;Opération ciblée : restructuration service restauration;6.34;6.519;Essonne aménagement;Julien BOIDOT (BOIDOT & ROBIN ARCHITECTES)/IN4 Ingénieurs / ESPACE TEMPS /CL INFRA/BmfARWYTEC;;;;;2017-01-12;Etude de maîtrise d'œuvre;;48.802284419,1.78215972
0782556E;2.064783792000071;48.892219107000074;Léonard-de-Vinci;Saint Germain en Laye;2001/2006;2007;Reconstruction du lycée sur son site;46.95;52.85;SAERP;COLBOC-FRANZEN Architecture/Tank architecte;2010-02-04;COLAS / BAUDIN CHATEAUNEUF/ DAVID/SPIE/…;Lots séparés;7;2015-06-16;En Chantier;;48.892219107,2.064783792
0782565P;2.121153940000056;48.79453556100003;Jules-Ferry;Versailles;2001/2006;2011;Construction d'un internat de 90 places (opération internats abandonnée) et restructuration des ateliers - SUSPENDU;17.84;3.14;SAERP;Fabienne GERIN-JEAN / ATEC / ALMA CONSULTING;;;;;;Suspendue;;48.794535561,2.12115394
0911021R;2.503386970000065;48.69302569900003;Talma;Brunoy;2012/2022;2013;Opération ciblée : restructuration de la demi-pension et des lieux de vie;11.38;10.54;SAERP;Marjolijn BOUDRY (Marjolijn et Pierre BOUDRY) / AIC Ingénierie / CHOLLEY /  ALMA CONSULTING;2015-09-02;;;;;Etude de maîtrise d'œuvre;;48.693025699,2.50338697
0910630R;2.33393135700004;48.482819051000035;Alexandre-Denis;Cerny;2001/2006;2001;Restructuration du service de restauration et amélioration des lieux de vie et des vestiaires sanitaires ateliers;3.9;4.78;Essonne aménagement;Boudry / Acte Ile de France / EPDC / Benigaud;2005-01-19;Dubocq;Ent générale;;2007-03-26;Opération livrée;2008;48.482819051,2.333931357
0911913K;2.097241507000035;48.700305521000075;Vallée-de-Chevreuse;Gif sur Yvette;2001/2006;2006;Reconstruction du service de restauration et restructuration partielle des locaux;11.92;11.92;Essonne aménagement;Rihn / Dufournet / Domingo / Choulet / Micout;;Pitel / Sam / Sogefi;Lots séparés;;2011-07-10;Opération livrée;2013;48.700305521,2.097241507
0911492C;2.165037667000036;48.67608278400007;Essouriau (l');Les Ulis;2012/2022;2014;Rénovation thermique;5.5;9.52;SAERP;en cours;;;;;;Sélection maîtrise d'œuvre;;48.676082784,2.165037667
0910625K;2.450187838000034;48.70618448300007;Rosa-Parks;Montgeron;2001/2006;1999;Rénovation;49.54;66.193;Essonne aménagement;Malisan / Buron / Gaudriot;2003-03-14;Bouygues / Charpentier / Bouget…;Lots séparés;9;2005-10-28;Opération livrée;2010;48.706184483,2.450187838
0910756C;2.479953011000021;48.71337327900005;Louis-Armand;Yerres;2001/2006;1998;Rénovation - extension;8.53;11.77;Essonne aménagement;Dolle-Labbe / Cebat / Antonelli;2001-06-19;SEE Simeoni;Ent générale;;2005-05-23;Opération livrée;2008;48.713373279,2.479953011
0921555R;2.271645733000071;48.79558434000006;Jacques-Monod;Clamart;2001/2006;2004;Travaux de gros entretien;2.26;3.8;SAERP;Olivier Roulleau Gallais / Scop'ing / Sogepic;2005-09-08;Sobema / Forclum / UTB / Normacadre / Framaco;Lots séparés;7;2008-03-21;Opération livrée;2008;48.79558434,2.271645733
0920164D;2.305294745000026;48.81281476400005;Jean-Monnet;Montrouge;2001/2006;2001;Réfection des extérieurs et mise en sécurité électrique incendie;1.37;1.99;DDE 92;Béatrice Mouton / BET IPH;2004-04-19;J2M / Thevenet;Lots séparés;2;2006-05-03;Opération livrée;;48.812814764,2.305294745
0920141D;2.206492336000054;48.890470237000045;Frédéric-Joliot-Curie;Nanterre;2001/2006;2006;Restructuration d'ensemble - extension 400 places;44.57;50.932;SODEREC;Vincent Cornu;2009-03-03;Promodule;Ent générale;;2013-03-29;Opération livrée;2017;48.890470237,2.206492336
0920171L;2.22976479600004;48.87480276400004;Louis-Blériot;Suresnes;2001/2006;2000;Rénovation des ateliers;3.04;8.54;;Opération cofinancée - maîtrise d'ouvrage par le département de CG 92;;;;;;Opération livrée;;48.874802764,2.229764796
0930117X;2.390295180000067;48.91446159100008;Le-Corbusier;Aubervilliers;2001/2006;2000;Réhabilitation - gros entretien;33.66;33.66;DDE 93;Pierre Riboulet / Projetud / Tohier;1997-07-18;Bouygues;METP;;2000-07-17;Opération livrée;2003;48.914461591,2.39029518
0932126F;2.417756965000024;48.94924490100004;François-Rabelais;Dugny;2001/2006;2002;Restructuration d'ensemble - extension;20.0;28.4;SAERP;Athias / Strzelecki / CIEC ingénierie;2005-07-06;Bouygues / Besagny & fils;Lots séparés;6;2008-04-07;Opération livrée;2011;48.949244901,2.417756965
0930128J;2.38702397000003;48.92853325100003;Denis-Papin;La Courneuve;2001/2006;2006;Extension des ateliers;7.0;7.0;CITALLIOS (ex-SEM 92);Philippe Challes / Mizrahi;;SNRB;Ent générale;;2010-07-05;Opération livrée;2012;48.928533251,2.38702397
0930831Y;2.449483777000069;48.94483909500008;Aristide-Briand;Le Blanc Mesnil;2001/2006;2008;Reconstruction d'un atelier;6.1;7.1;Sequano aménagement;Kagan / Berim;2012-08-31;Genton / Sogefi / STEPC (manque lot gros oeuvre);Lots séparés;;2015-05-22;Opération livrée;2017;48.944839095,2.449483777
0932117W;2.408073793000028;48.893951221000066;Lucie-Aubrac;Pantin;2001/2006;2000;Rénovation d'ensemble - extension;18.29;26.11;DDE 93;Van Wingaert / Oger international;2000-11-15;Levaux;Ent générale;;2005-01-24;Opération livrée;2008;48.893951221,2.408073793
0941974K;2.412790954000059;48.818418586000064;Robert-Schuman;Charenton le Pont;2001/2006;2001;Reconstruction sur un autre site;17.08;29.8;SADEV 94;Epicuria / Malisan / CET ingénierie;2006-05-05;Urbaine de travaux;Ent générale;;2008-02-18;Opération livrée;2009;48.818418586,2.412790954
0940114N;2.462642963000064;48.78284663900007;Saint-Exupéry;Créteil;2001/2006;2000;Réparations liées à la tempète de 1999;0.61;2.81;SAERP;Guy Martin / Louis Duval;2002-02-25;Répisol / Charpentiers Paris / Entrepose…;Ent générale;;2003-06-01;Opération livrée;;48.782846639,2.462642963
0941301D;2.328712560000042;48.761153378000074;Frédéric-Mistral;Fresnes;2001/2006;2000;Restructuration partielle - extension;26.02;30.06;SAERP;Manoilesco / Projetud / EPDC;2006-08-06;OBM location / Eiffage / UTB / Kone / Stabi;Lots séparés;7;2009-04-27;Opération livrée;2012;48.761153378,2.32871256
0941952L;2.457271373000026;48.73035010000007;François-Arago;Villeneuve St Georges;2012/2022;2014;Construction d'un internat de 100 places;8.0;8.44;CITALLIOS (ex-SEM 92);Jean & Aline HARARI Architecte / LTA / TRIBU / BETEC / SYNERGIE;;;;;;Etude de maîtrise d'œuvre;;48.7303501,2.457271373
0951637N;2.030143591000069;49.04571863100006;Galilée;Cergy;2012/2022;2013;Rénovation thermique;9.0;9.0;SAERP;A&A agence Engasser;;Brezillon;;;;Sélection entreprise;;49.045718631,2.030143591
0750669V;2.329087734000041;48.88406842900008;Jules-Ferry;Paris 09ème;2001/2006;1996;Rénovation;6.32;6.33;;Opération cofinancée - maîtrise d'ouvrage par le département de Paris;;;;;;Opération livrée;;48.884068429,2.329087734
0750674A;2.349967431000039;48.87897738300006;Jules-Siegfried;Paris 10ème;2001/2006;1999;Restructuration du service de restauration et création de lieux de vie;1.98;2.32;SAGI;Fricout - Cassignol / Novorest / Forgue;2001-10-01;Bati Renov;Ent générale;;2004-06-09;Opération livrée;2006;48.878977383,2.349967431
0750680G;2.394312742000068;48.84792995200007;Arago;Paris 12ème;2012/2022;2013;Rénovation simple;7.8;7.8;SAERP;Agence RICHARD & SCHOLLER;2014-10-20;"Eiffage (GO)
xxx (curage)
Ridoret menuiseries
SPIE (CVC)
SPIE (Elect)";;;;En Chantier;;48.847929952,2.394312742
0750684L;2.361400428000025;48.82405059200005;Gabriel-Fauré;Paris 13ème;2001/2006;2009;Restructuration globale - extension;44.0;41.99;Essonne aménagement;Patricia LEBOUCQ;2013-02-09;"Eiffage (TCE)
Ragueneau (cuisines)
Sol étanches (injections)";Lots séparés;;;En Chantier;;48.824050592,2.361400428
0750703G;2.272112642000025;48.855003209000074;Molière;Paris 16ème;2001/2006;1998;Création d'un service de restauration;1.176;1.18;;Opération cofinancée - maîtrise d'ouvrage par le département de Paris;;;;;;Opération livrée;2000;48.855003209,2.272112642
0750707L;2.320860724000056;48.89714501700007;Ecole-Nationale-de-Commerce;Paris 17ème;2001/2006;2000;Restructuration - extension;34.15;35.49;SAERP;Roze-Carrie / Barre-Lambot / Sibat;2004-02-18;Bouygues;Ent générale;;2006-06-16;Opération livrée;2009;48.897145017,2.320860724
0750708M;2.303739502000042;48.880748151000034;Jean-Drouant;Paris 17ème;2001/2006;2007;Restructuration ponctuelle des locaux;2.11;2.11;SAERP;Philippe Challes / Mizrahi;;SNRB/ERI/GSE/ERIS;;;;En Chantier;;48.880748151,2.303739502
0750710P;2.32813640400002;48.88688339300006;Auguste-Renoir;Paris 18ème;2001/2006;1999;Rénovation - restructuration - reconstruction partielle;19.82;24.04;RIVP;Lipsky-Rollet / Jacob Serete  / Gecob;2003-02-13;Sicra / GTS;Lots séparés;2;2006-01-06;Opération livrée;2009;48.886883393,2.328136404
0752608C;2.334474531000069;48.89620341500006;Hôtellier;Paris 18ème;2001/2006;1998;Rénovation - extension;11.43;19.03;SEMAEST;Bret - Demians - Herbert / Parica;1999-09-04;SNSH/TMCR/CCI/Deniot/Setralec/CFA;Lots séparés;7;2001-05-14;Opération livrée;2004;48.896203415,2.334474531
0752700C;2.376214394000044;48.882679265000036;Armand-Carrel;Paris 19ème;2001/2006;2000;Travaux de sécurité incendie, réfection parquet, réfection sanitaires extérieurs;1.07;1.07;SEMAEST;SLI;2002-07-25;DBS / TMCR;;;2004-02-16;Opération livrée;2005;48.882679265,2.376214394
0772685A;3.131951898000068;48.943780625000045;Samuel-Beckett;La Ferté ss Jouarre;2001/2006;2004;Construction (800 places);16.4;17.9;SAERP;Olivier Chaslin / ETCO ingénierie;2006-08-29;Bouygues;Ent générale;;2006-01-06;Opération livrée;2007;48.943780625,3.131951898
0770934X;2.659079963000067;48.55244814000008;Léonard-de-Vinci;Melun;2001/2006;2008;Restructuration partielle;3.9;6.6;Aménagement 77;Pascal Sirvin;2011-10-21;;;;;Etude de maîtrise d'œuvre;;48.55244814,2.659079963
0770942F;3.292981692000069;48.56065031300005;Thibaud-de-Champagne;Provins;2001/2006;1999;Rénovation - réhabilitation du patrimoine;18.29;39.6;Icade Promotion;Prunet / Jacob Serete;2001-05-17;Rabot Dutilleul construction;Ent générale;;2008-04-07;Opération livrée;2013;48.560650313,3.292981692
0772342C;2.74956153100004;48.742823927000074;Clément-Ader;Tournan en Brie;2001/2006;2002;Restructuration d'ensemble;45.46;47.14;SAERP;Isabelle Biro / Ingénierie Studio;2005-11-07;Bateg;Ent générale;;2007-11-05;Opération livrée;2011;48.742823927,2.749561531
0780515L;1.94522364200003;48.767581964000044;Sept-Mares (les);Maurepas;2001/2006;2008;Réhabilitation globale et reconstruction des logements de fonction - SUSPENDU;17.4;17.4;SAERP;;;;;;;Suspendue;;48.767581964,1.945223642
0781819D;2.041632219000064;48.781315936000055;Emilie-de-Breteuil;Montigny le Bretonneux;2001/2006;2008;Restructuration du service de restauration;4.4;4.4;CITALLIOS (ex-SARRY 78);Hélène Fricout-Cassignol;2011-11-18;CIF/Melchiorre/Zbat/JPV/Berin plafonds/Socape/CBC/GED/Sesar/IDFC;Lots séparés;10;2014-04-04;Opération livrée;2016;48.781315936,2.041632219
0783140P;2.06474927000005;48.80446619800006;Jules-Hardouin-Mansart;Saint Cyr l'Ecole;2001/2006;2003;Restructuration d'ensemble - extension;40.31;45.815;SEMAEST;JF Laurent / Incet;2006-01-10;Demathieu / Bard / Sam / Arblade / Eliez / IDFC;Lots séparés;5;2010-11-06;Opération livrée;2015;48.804466198,2.06474927
0782132U;2.098065680000048;48.89357162200008;Jeanne-d'Albret;Saint Germain en Laye;2001/2006;1999;Restructuration de la demi-pension;1.14;2.021;AFTRP;J. Bocabeille / Prego / MTC;2002-01-08;Nodal;Ent générale;;2005-12-19;Opération livrée;2007;48.893571622,2.09806568
0782132U;2.098065680000048;48.89357162200008;Jeanne-d'Albret;Saint Germain en Laye;2001/2006;1998;Rénovation;19.81;21.18;AFTRP;Lehoux-Phily / BET SERETE;1998-11-02;Quillery;Ent générale;;2000-01-24;Opération livrée;2004;48.893571622,2.09806568
991J98V?;;;Lycée neuf;Palaiseau;2017/2027;;Construction lycée de 1400 places;;;marché de partenariat;;;;;;;Etudes et diagnostics;;
0911493D;2.525332028000037;48.67744175800004;Frères-Moreau (les);Quincy ss Sénart;2001/2006;1998;Rénovation;4.57;7.28;Essonne aménagement;Lacroix / Setec;1999-09-04;SBM / Alufer / Schneider;Lots séparés;4;2003-12-22;Opération livrée;2005;48.677441758,2.525332028
9920122?;;;Lycée neuf;Boulogne;2001/2006;2009;Construction (800 places);39.0;39.83;H4 puis SAERP en 2015;Salwa MIKOU (MIKOU DESIGN STUDIO);;;;;;En Chantier;;
0921592F;2.220569271000045;48.79448056000007;Côtes-de-Villebon (les);Meudon;2001/2006;2009;Restructuration partielle;19.0;21.77;SAERP;Antonio Lazo (LAZO & MURE);2011-07-22;;;;2015-01-04;En Chantier;;48.79448056,2.220569271
0932123C;2.429229615000054;48.907602902000065;André-Sabatier;Bobigny;2012/2022;2013;Equipements sportifs : construction d'une salle de sports - SUSPENDU;1.3;0.23;;;;;;;;Suspendue;;48.907602902,2.429229615
0932118X;2.46868194700005;48.943605597000044;Jean-Moulin;Le Blanc Mesnil;2001/2006;2003;Restructuration partielle - extension;23.73;28.525;SAERP;Monique Labbe / Quadri plus;2006-04-27;Urbaine de travaux;Ent générale;;2009-02-23;Opération livrée;2011;48.943605597,2.468681947
0930123D;2.470835541000042;48.88771508700006;Olympe-de-Gouges;Noisy le Sec;2001/2006;1999;Rénovation des gymnases;1.62;1.9;;Opération cofinancée - maîtrise d'ouvrage par le département de CG 93;;;;;;Opération livrée;2004;48.887715087,2.470835541
0931193S;2.579395268000042;48.950464099000044;Hélène-Boucher;Tremblay en France;2001/2006;1999;Rénovation - restructuration d'ensemble - extension partielle;12.5;16.24;SAGI;Louis Soria / Anne Brigitte Soria / Arcoba;2002-04-22;Brezillon;Ent générale;;2006-06-29;Opération livrée;2008;48.950464099,2.579395268
0932046U;2.569982370000048;48.966654979000054;Léonard-de-Vinci;Tremblay en France;2012/2022;2015;Rénovation thermique;8.0;8.0;SAERP;en cours;;;;;;Sélection maîtrise d'œuvre;;48.966654979,2.56998237
0942269F;2.340110695000021;48.77285634100008;Pauline-Roland;Chevilly Larue;2001/2006;2010;Construction d'un internat de 70 lits;6.9;6.88;SAERP;Jean-François SCHMIT/ GEC Ingénierie / S’PACE.;;Savoie / Salmon / Charpente Cenomane / Roux Frères / UTB / EZI / SPAL / IDS / AEC / Sisap aménagement / SOGESI / Schindler / Emulithe;Lots séparés;13;;Opération livrée;2017;48.772856341,2.340110695
0940141T;2.416016280000065;48.77351954200003;Jacques-Brel;Choisy le Roi;2001/2006;1999;Rénovation - reconstruction;14.48;23.45;DDE 94;Architecture Studio / Arcoba;1999-10-09;Bouygues;Ent générale;;2003-02-19;Opération livrée;2005;48.773519542,2.41601628
0940124Z;2.427027652000049;48.845763575000035;Hector-Berlioz;Vincennes;2001/2006;1997;Rénovation - extension;11.74;23.99;SAERP;Lehoux-Phily / Incet;1999-03-11;Bouygues / TMB / ABP / Otis;Lots séparés;4;2003-11-19;Opération livrée;2007;48.845763575,2.427027652
0940129E;2.401585191000038;48.80167135900007;Jean-Macé;Vitry sur Seine;2001/2006;1998;Rénovation - restructuration;32.31;44.73;SAERP;Lacoudre / Morgoulis / Toussaint;2000-06-22;Quillery;Ent générale;;2003-05-19;Opération livrée;2006;48.801671359,2.401585191
0951282C;1.943412704000025;49.15689271000008;Véxin (du);Chars;2001/2006;2002;Restructuration du service de restauration;3.27;3.67;SEMAVO;Lescot / Sincoba;2004-11-23;SNRB;Ent générale;;2007-06-04;Opération livrée;2008;49.15689271,1.943412704
0951788C;2.339549523000073;49.02707284200005;George-Sand;Domont;2001/2006;1997;Création d'une salle polyvalente;0.79;1.808;AFTRP;Atelier de l'Ile / Roualec / Betom / Gay Puig;2002-11-03;SNRB / SEGECOB/Duberseuil/;Lots séparés;13;2007-06-07;Opération livrée;2009;49.027072842,2.339549523
0950644J;2.294776;48.972559;Gustave-Monod;Enghien;2001/2006;2006;Restructuration du service de restauration et des logements;12.26;12.26;CITALLIOS (ex-SEM 92);Sogno architecture;;Brezillon/Cochory/Schindler;Lots séparés;;;Opération livrée;2013;48.972559,2.294776
0950648N;2.317698845000052;48.990194719000044;Jean-Jacques-Rousseau;Montmorency;2001/2006;2009;Restructuration d'ensemble;22.8;22.796;Sequano aménagement;Bruno PANTZ Architecte / GINGER SECHAUD BOSSUYT/ BETEREM Ingénierie /  DOTS / Vivie / SYSTAL / SPEEG / MICHEL;2013-09-07;COLAS / UTB / AKFN / COCHERY / LUNEMAPA/ MELCHIORRE;;;2015-07-24;En Chantier;;48.990194719,2.317698845
0950949R;2.323786982000058;49.06742457300004;Jean-Mermoz;Montsoult;2001/2006;2003;Restructuration bât B (restauration, administration…);3.8;4.65;SEMAVO;Bresdin/Sotec/L'Hériteau/Benigaud Conseil;2005-05-19;SNRB;Ent générale;;2007-01-06;Opération livrée;2008;49.067424573,2.323786982
0750664P;2.322290806000069;48.876455951000025;Racine;Paris 08ème;2012/2022;2015;Restructuration du service de restauration;4.77;0.83;SAERP;Boris Schneider (SAM Architecture);;;;;;Etude de maîtrise d'œuvre;;48.876455951,2.322290806
0750775K;2.367398838000042;48.87648967900003;Gustave-Ferrié;Paris 10ème;2001/2006;1999;Rénovation - restructuration d'ensemble;14.02;15.43;SEMEA XV;Opéra-Gruson / Igeco / Phi 2;2001-04-25;Bouygues / Rehaby;Ent générale;;2004-12-01;Opération livrée;2006;48.876489679,2.367398838
0750676C;2.392292328000053;48.85431679700008;Dorian;Paris 11ème;2001/2006;1998;Rénovation;13.41;18.88;SEMAVIP;Cailaud / Acte Ile-de-France;1999-02-12;Dumez Ile-de-France;Ent générale;;2002-11-25;Opération livrée;2005;48.854316797,2.392292328
0750783U;2.370114476000026;48.84731934800004;Chennevières-Malezieux;Paris 12ème;2001/2006;2000;Restructuration des ateliers;7.77;8.4;SEMAEST;Valero-Gadan/LGX-Ingenierie / Ducroux;2002-03-27;Colas;Ent générale;;2003-07-16;Opération livrée;2005;48.847319348,2.370114476
0750711R;2.377926648000027;48.881117947000064;Henri-Bergson;Paris 19ème;2001/2006;2009;Restructuration du service de restauration du collège et du lycée;7.8;7.817;Icade Promotion;Nicolas Toury (agence Toury Vallet);2013-05-22;;;;;En Chantier;;48.881117947,2.377926648
0771436T;2.644851944000038;48.672137013000054;Bougainville;Brie Comte Robert;2001/2006;1999;Restructuration de la demi-pension et création de lieux de vie;3.35;5.86;SAERP;De Soos associés / Noble Ingénierie / Pigeon;2000-10-11;Brezillon / Multifroid;Lots séparés;2;2003-07-16;Opération livrée;2004;48.672137013,2.644851944
0771658J;2.965751988000022;49.02049041600003;Gué-à-Tresmes (du);Congis s/Therouanne;2001/2006;1998;Rénovation - extension;22.86;52.75;Aménagement 77;Lab FAC - Geipel / Michelin / Serete;1998-02-10;GTM / Vallet Saunal / Screg / Millet / Ateco;Lots séparés;15;2004-11-15;Opération livrée;2013;49.020490416,2.965751988
0772688D;2.779001545000028;48.857443741000054;Emilie-du-Châtelet;Serris;2001/2006;2010;Construction de la 2ème tranche du lycée (400 places) et création d'un internat de 120 places;17.17;17.17;SAERP;Brenac / Gonzales / Berim / AGI2D;2012-12-27;;;;;En Chantier;;48.857443741,2.779001545
0780486E;2.085196557000074;48.99131539800004;Batellerie (la);Conflans Ste Honorine;2001/2006;1998;Mise en sécurité électrique et incendie;1.45;1.45;Icade Promotion;Société ETC;2001-10-23;Electricité le Guinio / Inter isolation / Lambert;Ent générale;;2003-02-06;Opération livrée;2004;48.991315398,2.085196557
0783447Y;2.087107839000055;49.00643127600006;Simone-Weil;Conflans Ste Honorine;2001/2006;1998;Rénovation - extension;17.53;25.19;DDE 78 puis SAERP;Pargade / Arcoba;2001-02-04;Gagneraud;Ent générale;;2003-11-19;Opération livrée;2006;49.006431276,2.087107839
0780422K;1.922855567000056;48.97214543800004;François-Villon;Les Mureaux;2001/2006;2000;Restructuration des espaces de vie et agrandissement du CDI;2.09;3.2;Icade Promotion;Jean-Michel Buron / BETM;2002-10-04;SRC;Ent générale;;2005-08-04;Opération livrée;2006;48.972145438,1.922855567
0782539L;1.693361135000032;48.99632955100003;Saint-Exupéry;Mantes la Jolie;2001/2006;2007;Restructuration partielle;5.85;7.92;Icade Promotion;Atelier Nord-Sud;2010-08-06;EIFFAGE CONSTRUCTION / SEC / STEPC / CESA / DERICHEBOURG;Lots séparés;5;2014-06-06;Opération livrée;2016;48.996329551,1.693361135
0780582J;1.958749502000046;48.823475408000036;Jean-Vilar;Plaisir;2001/2006;2010;Restructuration globale;20.29;20.29;SAERP;Bathellier / Cotec / BET TCE/Phi2 Ingénierie;2013-11-02;Nord France Constructions/Locaconcept/Sanitherm/STEPC/Ragueneau/Watelet/Egeri Apem/ITB;Lots séparés;8;2015-10-07;Opération livrée;2017;48.823475408,1.958749502
0782593V;2.059021227000073;48.80203506300006;Jean-Perrin;Saint Cyr l'Ecole;2001/2006;2002;Restructuration d'ensemble - extension;28.0;32.19;CITALLIOS (ex-SARRY 78);Naud-Poux / Arcadis ESG / GV ingénierie;2005-05-19;Léon Grosse;Ent générale;;2009-06-04;Opération livrée;2013;48.802035063,2.059021227
0782562L;2.136726773000021;48.805700236000064;Hoche;Versailles;2001/2006;2000;Restructuration partielle - extension;70.88;75.85;Icade Promotion;Dubois / Betci / Kaba;2003-09-29;Léon Grosse;Ent générale;;2006-01-06;Opération livrée;2010;48.805700236,2.136726773
0910628N;2.246205681000049;48.59662180000004;Paul-Belmondo;Arpajon;2001/2006;2011;Restructuration du gymnase;4.2;4.21;SAERP;Isabelle BIRO;2014-03-31;;;;;En Chantier;;48.5966218,2.246205681
0912251C;2.235303781000027;48.703312303000075;Henri-Poincaré;Palaiseau;2001/2006;1998;Reconstruction;10.67;16.87;Essonne aménagement;Morgoulis / Toussaint;2000-11-20;SK technique / Paris ouest / Somoclest;Lots séparés;6;2002-07-15;Opération livrée;2005;48.703312303,2.235303781
0920132U;2.259668066000074;48.91063012500007;Albert-Camus;Bois Colombes;2012/2022;2014;Rénovation globale;24.37;4.28;SAERP;Fabienne GERIN-JEAN Architecte;;;;;;Etude de maîtrise d'œuvre;;48.910630125,2.259668066
0921166T;2.255659069000046;48.76746078800005;Jean-Jaurès;Chatenay Malabry;2012/2022;2014;Rénovation thermique - ANNULE PPI 2017;7.8;7.8;SAERP;;;Convention de mandat arrêtée;;;;Abandonné;;48.767460788,2.255659069
0921626T;2.210822162000056;48.883565832000045;Claude-Chappe;Nanterre;2012/2022;2013;Rénovation thermique;6.8;6.8;SAERP;Lair & Roynette;;Bouygues;;;;Opération livrée;2017;48.883565832,2.210822162
0920146J;2.288115866000055;48.777587381000046;Marie-Curie;Sceaux;2001/2006;2000;Restructuration;;1.3;;Opération cofinancée - maîtrise d'ouvrage par le département de CG 92;;;;;;Opération livrée;;48.777587381,2.288115866
0920146J;2.288115866000055;48.777587381000046;Marie-Curie;Sceaux;2001/2006;1997;Remplacement des menuiseries extérieures;3.01;3.11;;Opération cofinancée - maîtrise d'ouvrage par le département de CG 92;;;;;;Opération livrée;;48.777587381,2.288115866
0931198X;2.428207967000049;48.90870417200006;Alfred-Costes;Bobigny;2001/2006;2009;Restructuration partielle;12.0;18.3;Aménagement 77;Anne-Charlotte ZANASSI (Phileas);;ALGECO/SPACIOTEMPO / DEMATHIEU BARD / STEPC / COLAS IDFN / AGRIGEX;;7;2017-01-02;En Chantier;;48.908704172,2.428207967
0930122C;2.445542092000039;48.85751894200007;Condorcet;Montreuil;2001/2006;2008;Reconstruction bat A et restructuration partielle bat C & D - SUSPENDU;37.0;6.66;SEMAEST;Alain Gignoux / Mizrahi;2012-08-26;;;;;Suspendue;;48.857518942,2.445542092
0932667U;2.373997797000072;48.94376722700008;Lycée neuf;Saint Denis;2001/2006;2008;Construction lycée de 1200 places+ internat de 170 lits;60.0;60.0;Icade Promotion;Brenac-Gonzalez / Berim / AGI2D;2012-08-21;Eiffage / IDFC / Léon Grosse;;;2015-01-23;Opération livrée;2017;48.943767227,2.373997797
0941301D;2.328712560000042;48.761153378000074;Frédéric-Mistral;Fresnes;2001/2006;1998;Rénovation de la demi-pension;1.83;3.06;SAERP;Bredin / Itec / Quidort / Economie 80;1999-09-20;SNRB / IDFC;Lots séparés;2;2003-02-19;Opération livrée;2003;48.761153378,2.32871256
0940119U;2.508468337000068;48.83346212100008;Paul-Doumer;Le Perreux sur Marne;2001/2006;2010;Restructuration du service de restauration;3.6;7.2;SAERP;Delaittre / Arwytec / Beterem;2012-09-28;Cif Réhabilitation / ERI / FBI / Ragueneau / Servicom;Lots séparés;5;2015-05-22;Opération livrée;2016;48.833462121,2.508468337
0940121W;2.473159508000038;48.80318375200005;d'Arsonval;Saint Maur des Fossés;2001/2006;1998;Rénovation et restructuration de la demi-pension;1.52;2.05;DDE 94;Fricout - Cassignol / Novorest / Forgue;1999-09-20;Actra / Sertba / Avril / Bonnet / Morand;Lots séparés;5;2002-05-13;Opération livrée;2003;48.803183752,2.473159508
0951811C;2.226499432000026;48.951364014000035;Fernand-et-Nadia-Léger;Argenteuil;2012/2022;2014;Rénovation ciblée : restructuration du bâtiment principal et des logements de fonction;25.81;4.54;SAERP;Atelier Catherine FURET / EGIS BATIMENTS / Franck BOUTTE Consultants;;;;;;Etude de maîtrise d'œuvre;;48.951364014,2.226499432
9958C15?;;;Lycée neuf;Cormeilles en Parisis;2017/2027;2017;Construction d'un lycée de 1200 places;42.0;7.4;;;;;;;;Etudes et diagnostics;;
0950656X;2.200456239000062;48.97873173600004;Le-Corbusier;Cormeilles en Parisis;2001/2006;1999;Rénovation restructuration et extension partielle;24.69;33.72;Icade Promotion;Borderioux / Dilegge / Steac / BET TCE;2002-04-06;Gagneraud;Ent générale;;2005-05-09;Opération livrée;2009;48.978731736,2.200456239
0950658Z;2.131604284000048;49.05575508800007;Château d'Epluches;Saint Ouen l'Aumône;2001/2006;1998;Rénovation extension;13.71;22.3;SEMAVO;Riquier-Sauvage/BETM-economie 95;2000-11-04;Quillery;Ent générale;;2003-01-12;Opération livrée;2005;49.055755088,2.131604284
